IP,ytg_refer_date,request_time,ytg_refer_url,tool_req_date,request_time,refer_url,req_URL,RC,req_type,req_tag
102.157.121.7,2021-08-08,05:15:21,https://www.youtube.com/,2021-08-08,05:15:21,https://www.youtube.com/,/tools/mastmltutorial,200,tool,mastmltutorial
103.126.184.134,2021-08-15,13:06:46,https://www.youtube.com/,2021-08-15,13:12:03,,/tools/handsonpinns,200,tool,handsonpinns
103.139.196.10,2021-08-12,14:33:06,https://www.youtube.com/,2021-08-04,00:49:34,https://nanohub.org/usage/tools,/resources/29432/usage,200,tool,29432
103.139.196.10,2021-08-12,14:33:06,https://www.youtube.com/,2021-08-04,00:47:37,https://nanohub.org/resources,/resources/databases,200,tool,databases
103.139.196.10,2021-08-12,14:33:06,https://www.youtube.com/,2021-08-03,19:18:24,https://www.google.com/,/resources/gresq,200,tool,gresq
103.139.196.10,2021-08-12,14:33:06,https://www.youtube.com/,2021-08-08,00:44:24,https://nanohub.org/members/332279/dashboard,/tools/avalanche/invoke/13,302,tool,avalanche
103.139.196.10,2021-08-12,14:33:06,https://www.youtube.com/,2021-08-08,00:55:17,https://nanohub.org/tools/jupyter/invoke/9,/tools/avalanche_r13/stop?sess=1873898,302,tool,avalanche_r13
103.139.196.10,2021-08-12,14:33:06,https://www.youtube.com/,2021-08-05,22:23:23,https://nanohub.org/members/332245/dashboard,/tools/jupyter,200,tool,jupyter
103.139.196.10,2021-08-12,14:33:06,https://www.youtube.com/,2021-08-08,01:01:33,https://nanohub.org/tools/jupyter/invoke/9,/tools/jupyter_r9/session?sess=1873900,302,tool,jupyter_r9
103.139.196.10,2021-08-12,14:33:06,https://www.youtube.com/,2021-08-08,00:45:10,https://nanohub.org/members/332279/dashboard,/tools/mseml/invoke/49,302,tool,mseml
103.139.196.10,2021-08-12,14:33:06,https://www.youtube.com/,2021-08-08,01:04:01,https://nanohub.org/tools/jupyter/invoke/9,/tools/mseml_r49/stop?sess=1873897,302,tool,mseml_r49
103.139.196.10,2021-08-12,14:33:06,https://www.youtube.com/,2021-08-12,13:57:47,https://nanohub.org/members/myaccount,/tools/ucb_compnano/invoke/845,302,tool,ucb_compnano
103.158.43.31,2021-08-16,21:58:10,https://www.youtube.com/,2021-08-19,22:19:14,https://www.google.co.in/,/resources/handsonpinns,200,tool,handsonpinns
103.203.72.23,2021-08-22,23:28:25,https://www.youtube.com/,2021-08-23,00:38:58,https://nanohub.org/members/317635/points,/resources/new,200,tool,new
103.21.125.50,2021-08-12,04:01:00,https://www.youtube.com/,2021-08-23,07:51:19,https://www.google.com/,/resources/3842,200,tool,3842
103.21.125.50,2021-08-12,04:01:00,https://www.youtube.com/,2021-08-06,05:00:26,https://www.google.com/,/resources/phononlifetime,200,tool,phononlifetime
103.21.125.50,2021-08-12,04:01:00,https://www.youtube.com/,2021-08-28,04:00:13,https://www.google.com/,/resources/polymod,200,tool,polymod
103.21.125.50,2021-08-12,04:01:00,https://www.youtube.com/,2021-08-10,02:02:06,https://www.google.com/,/resources/struc2lammpsdf,200,tool,struc2lammpsdf
103.21.125.50,2021-08-12,04:01:00,https://www.youtube.com/,2021-08-02,03:37:48,https://nanohub.org/resources/tools,/tools/cntbands-ext/invoke/44,302,tool,cntbands-ext
103.21.125.82,2021-08-25,09:08:15,https://www.youtube.com/,2021-08-25,08:53:42,,/tools/handsonpinns,200,tool,handsonpinns
103.21.125.82,2021-08-25,09:08:15,https://www.youtube.com/,2021-08-06,04:29:27,https://nano.stanford.edu/,/tools/sbcnfet/,200,tool,sbcnfet
103.21.125.83,2021-08-31,03:26:58,https://www.youtube.com/,2021-08-17,10:47:24,,/resources/schred,200,tool,schred
103.21.125.83,2021-08-31,03:26:58,https://www.youtube.com/,2021-08-31,03:28:04,https://www.youtube.com/,/tools/intromllab,200,tool,intromllab
103.21.125.83,2021-08-31,03:26:58,https://www.youtube.com/,2021-08-31,03:23:03,https://www.youtube.com/,/tools/jupyter,200,tool,jupyter
103.21.125.83,2021-08-31,03:26:58,https://www.youtube.com/,2021-08-25,04:21:05,https://nanohub.org/groups/materials/materials_courses,/tools/mseml/,200,tool,mseml
103.212.212.2,2021-08-24,05:35:36,https://www.youtube.com/,2021-08-24,05:35:36,https://www.youtube.com/,/tools/crystal_viewer/invoke?params=file%28simset%29%3A%2Fdata%2Ftools%2Fshared%2Ffaltens%2Fcrystal_viewer%2FSiPlanes%2FSiPlanes.sav,302,tool,crystal_viewer
103.231.45.46,2021-08-05,01:33:46,https://www.youtube.com/,2021-08-05,01:40:27,https://nanohub.org/groups/materials/simulation_tools/ab_initio_tools,/resources/22562,200,tool,22562
103.231.45.46,2021-08-05,01:33:46,https://www.youtube.com/,2021-08-05,01:38:35,https://nanohub.org/groups/materials/simulation_tools/ab_initio_tools,/resources/orcatool,200,tool,orcatool
103.232.241.185,2021-08-17,22:37:00,https://www.youtube.com/,2021-08-20,23:41:04,,/resources/3741/,200,tool,3741
103.232.241.185,2021-08-17,22:37:00,https://www.youtube.com/,2021-08-20,23:40:18,https://www.google.com/,/resources/abacus,200,tool,abacus
103.232.241.185,2021-08-17,22:37:00,https://www.youtube.com/,2021-08-20,23:40:42,https://nanohub.org/resources/abacus,/resources/edusemi,200,tool,edusemi
103.232.241.185,2021-08-17,22:37:00,https://www.youtube.com/,2021-08-27,05:59:22,https://www.google.com/,/resources/meltheas,200,tool,meltheas
103.27.9.249,2021-08-25,04:33:31,https://accounts.youtube.com/,2021-08-07,23:46:22,https://www.google.com/,/resources/abacus,200,tool,abacus
103.27.9.249,2021-08-25,04:33:31,https://accounts.youtube.com/,2021-08-25,04:36:28,https://nanohub.org/groups/atcadlab/semiconductor_processing_model,/tools/atcadlab,200,tool,atcadlab
103.73.45.10,2021-08-25,07:35:53,https://www.youtube.com/,2021-08-25,07:36:25,https://accounts.google.com/,/tools/mldefect,200,tool,mldefect
103.84.178.39,2021-08-13,03:46:12,https://www.youtube.com/,2021-08-13,03:47:04,https://nanohub.org/tools/imagesegment,/resources/imagesegment/about,200,tool,imagesegment
103.84.178.39,2021-08-13,03:46:12,https://www.youtube.com/,2021-08-19,03:21:14,https://nanohub.org/members/58082/dashboard,/tools/senstran,200,tool,senstran
103.84.178.39,2021-08-13,03:46:12,https://www.youtube.com/,2021-08-26,02:29:34,https://nanohub.org/tools/senstran/invoke/74,/tools/senstran_r74/session?sess=1879274,200,tool,senstran_r74
103.99.192.2,2021-08-11,23:16:59,https://www.youtube.com/watch?v=5eG6CvcEHJ8&list=PLtkeUZItwHK6F4a4OpCOaKXKmYBKGWcHi,2021-08-23,01:42:18,https://www.google.com/,/resources/meep,200,tool,meep
103.99.192.2,2021-08-11,23:16:59,https://www.youtube.com/watch?v=5eG6CvcEHJ8&list=PLtkeUZItwHK6F4a4OpCOaKXKmYBKGWcHi,2021-08-17,02:30:52,https://www.google.com/,/resources/straincomp,200,tool,straincomp
104.186.143.89,2021-08-20,21:56:11,https://www.youtube.com/,2021-08-20,21:53:52,https://www.youtube.com/,/tools/intromllab,200,tool,intromllab
104.186.143.89,2021-08-20,21:56:11,https://www.youtube.com/,2021-08-20,21:53:41,https://www.youtube.com/,/tools/jupyter,200,tool,jupyter
104.244.209.54,2021-08-11,19:38:25,https://www.youtube.com/,2021-08-11,19:38:25,https://www.youtube.com/,/resources/agpvsim,200,tool,agpvsim
107.77.229.22,2021-08-21,18:49:19,https://www.youtube.com/,2021-08-21,18:49:23,,/tools/imagesegment,200,tool,imagesegment
108.28.245.239,2021-08-08,10:23:30,https://www.youtube.com/,2021-08-07,22:10:24,https://www.google.com/,/resources/handsonpinns,200,tool,handsonpinns
108.55.6.44,2021-08-15,23:13:01,https://www.youtube.com/,2021-08-15,23:10:02,,/tools,200,tool,
108.55.6.44,2021-08-15,23:13:01,https://www.youtube.com/,2021-08-15,23:11:04,https://nanohub.org/tools/intromllab/wiki,/tools/images/forge.png,200,tool,images
108.55.6.44,2021-08-15,23:13:01,https://www.youtube.com/,2021-08-15,23:12:50,https://www.youtube.com/,/tools/intromllab,200,tool,intromllab
108.55.6.44,2021-08-15,23:13:01,https://www.youtube.com/,2021-08-15,23:13:01,https://www.youtube.com/,/tools/jupyter,200,tool,jupyter
109.171.171.22,2021-08-15,07:17:49,https://www.youtube.com/,2021-08-15,01:15:00,https://www.google.com/,/resources/1091/,200,tool,1091
109.171.171.22,2021-08-15,07:17:49,https://www.youtube.com/,2021-08-15,06:03:28,https://nanohub.org/,/resources/3942/?rev=7,200,tool,3942
109.171.171.22,2021-08-15,07:17:49,https://www.youtube.com/,2021-08-15,05:55:48,https://nanohub.org/tags/negf/tools?sort=date,/resources/angel,200,tool,angel
109.171.171.22,2021-08-15,07:17:49,https://www.youtube.com/,2021-08-15,06:04:36,https://nanohub.org/tags/?task=view&tag=NEGF&limit=1000&limitstart=0&area=tools&sort=date,/resources/cnegfmos,200,tool,cnegfmos
109.171.171.22,2021-08-15,07:17:49,https://www.youtube.com/,2021-08-15,06:04:11,https://nanohub.org/tags/?task=view&tag=NEGF&limit=1000&limitstart=0&area=tools&sort=date,/resources/fettoy,200,tool,fettoy
109.171.171.22,2021-08-15,07:17:49,https://www.youtube.com/,2021-08-15,06:02:06,https://nanohub.org/tags/negf/tools?sort=date,/resources/greentherm,200,tool,greentherm
109.171.171.22,2021-08-15,07:17:49,https://www.youtube.com/,2021-08-15,00:52:54,https://www.google.com/,/resources/Matdcal,200,tool,Matdcal
109.171.171.22,2021-08-15,07:17:49,https://www.youtube.com/,2021-08-15,06:40:48,https://nanohub.org/wiki/Negf,/resources/nanowire,200,tool,nanowire
109.171.171.22,2021-08-15,07:17:49,https://www.youtube.com/,2021-08-15,06:04:02,https://nanohub.org/tags/?task=view&tag=NEGF&limit=1000&limitstart=0&area=tools&sort=date,/resources/omenwire,200,tool,omenwire
109.171.171.22,2021-08-15,07:17:49,https://www.youtube.com/,2021-08-15,05:55:04,https://www.google.com/,/resources/rtdnegf,200,tool,rtdnegf
109.171.171.22,2021-08-15,07:17:49,https://www.youtube.com/,2021-08-15,06:04:03,https://nanohub.org/tags/?task=view&tag=NEGF&limit=1000&limitstart=0&area=tools&sort=date,/resources/slpf,200,tool,slpf
109.171.171.22,2021-08-15,07:17:49,https://www.youtube.com/,2021-08-15,06:03:57,https://nanohub.org/tags/?task=view&tag=NEGF&limit=1000&limitstart=0&area=tools&sort=date,/resources/vides,200,tool,vides
109.171.171.22,2021-08-15,07:17:49,https://www.youtube.com/,2021-08-15,01:15:23,https://nanohub.org/login?return=L3Rvb2xzL2NudGZldC9pbnZva2UvNjg=,/tools/cntfet/invoke/68,302,tool,cntfet
109.171.171.22,2021-08-15,07:17:49,https://www.youtube.com/,2021-08-15,01:13:10,,/tools/nanomos/,200,tool,nanomos
109.228.193.3,2021-08-02,03:27:14,https://www.youtube.com/,2021-08-02,03:35:40,,/tools/intromllab,200,tool,intromllab
110.225.86.65,2021-08-05,02:42:25,https://accounts.google.com/CheckCookie?hl=en&checkedDomains=youtube&checkConnection=youtube%3A834%3A0&client_id=80064560730.apps.googleusercontent.com&chtml=LoginDoneHtml&service=lso&continue=https%3A%2F%2Faccounts.google.com%2Fsignin%2Foauth%2Fconsent%3Fauthuser%3Dunknown%26part%3DAJi8hAPyvjdBuOvBwPzNkfhnMyJ7iR8vnbfHD7if6UEPdjWz8ySn4iQRHQgsMYjE25pAxoNNEUpf1ovE9ZiklTkHlJGC5h9fwm8qI1_KQUmgCcN_zg-RkJLc7iKT-SZ7yAmwHNsdjoFxYxkJ0TifAmjbB9jBgqERUEqTCYsBzyXvZSN5UgDuoCDjo-slkzJpSTsoZ79iUGqsRX71_FxnwfvHXZFyYYVPyRpdyGeftdNhFMO7igdpyTCp4KvptEuyHbeQudPi0ReiKlZwOqTj7tOPQ2HU9As6VJQsVOto7galVVSU_1rwe11WZWVFdAxNsUekzAIL22stf6yVKvvoTVPzkK08_yO7l93YcJPM1LJzi8AlQy2CmowoTfsnWuDDuKJhHPnwiN7J3baVqLQdqwXmur3-U9j-3w%26as%3DS1543583953%253A1628156518193424%26rapt%3DAEjHL4NZHN1Fg79N4C-yquARxypKzWNxwHsb6h7tlq57C1N-ASE3qI5crWv6SidkxFzoapaeozYjX_bAKzwczWKjAHKcxve0UA%23&gidl=EgIIAA,2021-08-05,02:42:27,https://accounts.google.com/,/tools/pntoy/invoke/56,302,tool,pntoy
112.199.246.91,2021-08-26,01:18:18,https://www.youtube.com/,2021-08-26,01:17:45,https://www.google.com/,/tools/crystalviewer,200,tool,crystalviewer
114.130.157.99,2021-08-01,06:43:28,https://www.youtube.com/,2021-08-01,06:41:42,https://accounts.google.com/,/resources/mseml,200,tool,mseml
114.4.79.17,2021-08-11,23:29:29,https://www.youtube.com/,2021-08-12,01:19:49,,/tools/matdatarepo,200,tool,matdatarepo
115.132.6.42,2021-08-01,01:52:36,https://www.youtube.com/,2021-08-01,07:39:50,https://proxy.nanohub.org/,/tools/anonymous/stop?sess=1870512,302,tool,anonymous
115.132.6.42,2021-08-01,01:52:36,https://www.youtube.com/,2021-08-01,01:52:36,https://www.youtube.com/,/tools/mseml,200,tool,mseml
117.252.12.2,2021-08-18,21:10:27,https://www.youtube.com/,2021-08-25,11:40:45,https://nanohub.org/resources,/resources/browse?search=perovskite,200,tool,browse
122.178.34.246,2021-08-09,07:16:39,https://www.youtube.com/,2021-08-09,07:16:39,https://www.youtube.com/,/tools/jupyter,200,tool,jupyter
124.13.174.116,2021-08-12,22:21:22,https://www.youtube.com/,2021-08-12,21:11:32,https://nanohub.org/resources/agpvsim,/resources/30961/about,200,tool,30961
124.13.174.116,2021-08-12,22:21:22,https://www.youtube.com/,2021-08-12,01:25:55,https://www.youtube.com/,/resources/agpvsim,200,tool,agpvsim
1.245.47.82,2021-08-27,00:38:10,https://www.youtube.com/,2021-08-26,04:18:59,https://nanohub.org/resources/?type=tools&task=browsetags&atg=all&d=0&sortby=title&pretype=87&id=&preinput=&preinput2=,/resources/MCTrigate,200,tool,MCTrigate
1.245.47.82,2021-08-27,00:38:10,https://www.youtube.com/,2021-08-26,04:15:20,,/tools/pcpbt,200,tool,pcpbt
1.245.47.82,2021-08-27,00:38:10,https://www.youtube.com/,2021-08-04,23:09:55,https://nanohub.org/resources/tools,/tools/s4sim/invoke/36,302,tool,s4sim
126.66.160.74,2021-08-21,03:24:33,https://www.youtube.com/,2021-08-29,23:53:51,https://nanohub.org/resources/dimredmatdecmp/usage,/resources/dimredmatdecmp/citations,200,tool,dimredmatdecmp
126.66.160.74,2021-08-21,03:24:33,https://www.youtube.com/,2021-08-30,00:18:44,,/tools/nnrf,200,tool,nnrf
128.210.106.34,2021-08-26,11:14:47,https://www.youtube.com/,2021-08-30,09:43:30,https://nanohub.org/members/myaccount,/tools/chm37301,200,tool,chm37301
128.210.106.65,2021-08-26,10:41:55,https://www.youtube.com/,2021-08-26,07:05:14,https://nanohub.org/tools/chm37301,/resources/chm37301,200,tool,chm37301
128.210.106.65,2021-08-26,10:41:55,https://www.youtube.com/,2021-08-24,12:32:33,https://nanohub.org/search?terms=jupyter51,/resources/jupyter51,200,tool,jupyter51
128.210.106.65,2021-08-26,10:41:55,https://www.youtube.com/,2021-08-24,12:25:31,https://nanohub.org/search?terms=jupyter,/resources/jupyterexamples,200,tool,jupyterexamples
128.210.106.65,2021-08-26,10:41:55,https://www.youtube.com/,2021-08-30,06:17:55,https://www.google.com/,/resources/purdueme581,200,tool,purdueme581
128.210.106.65,2021-08-26,10:41:55,https://www.youtube.com/,2021-08-30,17:38:16,https://nanohub.org/tools/chm37301/invoke/4,/tools/chm37301_r4/session?sess=1881948,302,tool,chm37301_r4
128.210.107.84,2021-08-30,09:35:22,https://www.youtube.com/,2021-08-31,13:08:52,,/resources/jupyter,200,tool,jupyter
128.210.107.84,2021-08-30,09:35:22,https://www.youtube.com/,2021-08-24,12:18:48,,/resources/jupyter51,200,tool,jupyter51
128.210.107.84,2021-08-30,09:35:22,https://www.youtube.com/,2021-08-24,12:31:04,https://nanohub.org/resources/purdueme581/usage,/resources/purdueme581/about,200,tool,purdueme581
128.210.107.84,2021-08-30,09:35:22,https://www.youtube.com/,2021-08-23,07:03:20,https://www.google.com/,/resources/straincomp,200,tool,straincomp
128.210.107.84,2021-08-30,09:35:22,https://www.youtube.com/,2021-08-25,09:45:29,https://nanohub.org/members/myaccount,/tools/chm37301,200,tool,chm37301
128.210.107.84,2021-08-30,09:35:22,https://www.youtube.com/,2021-08-26,10:41:54,,/tools/crystal_viewer,200,tool,crystal_viewer
128.210.107.84,2021-08-30,09:35:22,https://www.youtube.com/,2021-08-24,12:19:15,,/tools/jupyter70,200,tool,jupyter70
128.210.107.84,2021-08-30,09:35:22,https://www.youtube.com/,2021-08-24,12:43:48,https://nanohub.org/tools/purdueme581/invoke/68,/tools/purdueme581_r68/stop?sess=1878914,302,tool,purdueme581_r68
128.62.23.133,2021-08-05,08:29:13,https://accounts.youtube.com/,2021-08-05,08:30:58,https://nanohub.org/members/332638/dashboard,/tools/tellurium/invoke/14,302,tool,tellurium
128.62.26.23,2021-08-02,07:37:01,https://accounts.youtube.com/,2021-08-02,09:25:17,https://nanohub.org/members/332638/dashboard,/tools/cc3dbase4x,200,tool,cc3dbase4x
128.62.26.23,2021-08-02,07:37:01,https://accounts.youtube.com/,2021-08-02,10:06:31,https://nanohub.org/tools/cc3dbase4x/invoke/12,/tools/cc3dbase4x_r12/session?sess=1871439,200,tool,cc3dbase4x_r12
128.62.26.23,2021-08-02,07:37:01,https://accounts.youtube.com/,2021-08-02,09:29:16,https://nanohub.org/members/332638/dashboard,/tools/jupyter,200,tool,jupyter
128.62.26.23,2021-08-02,07:37:01,https://accounts.youtube.com/,2021-08-02,09:29:26,https://nanohub.org/tools/jupyter/invoke/9,/tools/jupyter_r9/session?sess=1871309,302,tool,jupyter_r9
128.62.26.23,2021-08-02,07:37:01,https://accounts.youtube.com/,2021-08-02,07:37:39,https://nanohub.org/members/332638/dashboard,/tools/tellurium/session?sess=1870665,302,tool,tellurium
128.62.40.153,2021-08-06,08:09:02,https://accounts.youtube.com/,2021-08-06,08:01:45,,/tools/cc3dbase4x,200,tool,cc3dbase4x
130.160.56.1,2021-08-22,13:17:23,https://www.youtube.com/,2021-08-22,13:35:57,https://www.google.com/,/resources/handsonpinns,200,tool,handsonpinns
130.18.104.67,2021-08-06,10:02:27,https://www.youtube.com/,2021-08-06,10:03:54,,/resources/22510,200,tool,22510
130.18.104.67,2021-08-06,10:02:27,https://www.youtube.com/,2021-08-06,09:26:42,https://nanohub.org/groups/materials/simulation_tools/md_tools,/resources/matsimtk,200,tool,matsimtk
130.18.104.67,2021-08-06,10:02:27,https://www.youtube.com/,2021-08-06,09:58:11,https://www.youtube.com/,/tools/nanomatmech/,200,tool,nanomatmech
130.225.198.161,2021-08-03,23:50:53,https://www.youtube.com/,2021-08-03,23:50:30,https://nanohub.org/resources/handsonpinns/supportingdocs,/resources/handsonpinns/about,200,tool,handsonpinns
130.70.10.137,2021-08-24,08:42:48,https://accounts.youtube.com/,2021-08-24,08:42:19,https://nanohub.org/resources/tools,/tools/lammpstool/invoke/46,302,tool,lammpstool
130.74.58.28,2021-08-06,14:54:49,https://www.youtube.com/,2021-08-06,14:43:06,https://nanohub.org/,/resources/draft?step=1&type=1,200,tool,draft
130.74.58.28,2021-08-06,14:54:49,https://www.youtube.com/,2021-08-06,14:54:50,https://www.youtube.com/,/resources/jupyter,200,tool,jupyter
130.74.58.28,2021-08-06,14:54:49,https://www.youtube.com/,2021-08-06,14:55:34,https://nanohub.org/resources/mseml/versions,/resources/mseml/supportingdocs,200,tool,mseml
130.74.58.28,2021-08-06,14:54:49,https://www.youtube.com/,2021-08-06,14:45:21,,/tools/matdatarepo,200,tool,matdatarepo
131.155.186.168,2021-08-12,02:17:39,https://www.youtube.com/,2021-08-18,05:41:35,https://www.google.com/,/resources/handsonpinns,200,tool,handsonpinns
13.212.42.138,2021-08-31,01:28:23,https://www.youtube.com/,2021-08-31,01:35:11,https://nanohub.org/resources/handsonpinns/citations,/resources/handsonpinns/about,200,tool,handsonpinns
132.180.104.25,2021-08-16,06:01:08,https://www.youtube.com/,2021-08-16,06:01:08,https://www.youtube.com/,/tools/intromllab,200,tool,intromllab
132.226.118.113,2021-08-07,06:05:45,https://accounts.youtube.com/,2021-08-07,05:56:17,https://www.google.com/,/resources/3982,200,tool,3982
132.226.118.113,2021-08-07,06:05:45,https://accounts.youtube.com/,2021-08-07,06:00:55,https://nanohub.org/resources/tools?view=tags,/resources/cndo,200,tool,cndo
132.226.118.113,2021-08-07,06:05:45,https://accounts.youtube.com/,2021-08-07,06:01:04,https://nanohub.org/resources/tools?view=tags,/resources/orcatool,200,tool,orcatool
132.226.118.113,2021-08-07,06:05:45,https://accounts.youtube.com/,2021-08-07,06:23:52,https://nanohub.org/resources/?type=tools&task=browsetags&atg=all&d=0&sortby=title&pretype=9&id=&preinput=&preinput2=,/resources/qclab,200,tool,qclab
132.226.118.113,2021-08-07,06:05:45,https://accounts.youtube.com/,2021-08-07,06:21:04,https://nanohub.org/,/tools,200,tool,
132.226.118.113,2021-08-07,06:05:45,https://accounts.youtube.com/,2021-08-07,06:22:21,https://nanohub.org/resources/?type=tools&task=browsetags&atg=all&d=0&sortby=title&pretype=9&id=&preinput=&preinput2=,/tools/nmst_dft/invoke/96,302,tool,nmst_dft
133.3.201.132,2021-08-10,22:51:14,https://www.youtube.com/,2021-08-10,23:36:03,https://www.google.com/,/resources/handsonpinns,200,tool,handsonpinns
134.130.209.141,2021-08-16,09:49:29,https://www.youtube.com/,2021-08-16,06:23:51,https://www.google.com/,/resources/handsonpinns,200,tool,handsonpinns
134.130.209.141,2021-08-16,09:49:29,https://www.youtube.com/,2021-08-16,06:49:26,https://nanohub.org/resources/30006/supportingdocs,/resources/nanomatmech,200,tool,nanomatmech
134.130.209.141,2021-08-16,09:49:29,https://www.youtube.com/,2021-08-16,06:40:51,https://nanohub.org/groups/materials/sim_powered_assts,/resources/youngsmod,200,tool,youngsmod
134.130.209.141,2021-08-16,09:49:29,https://www.youtube.com/,2021-08-16,09:50:36,https://nanohub.org/groups/ml/simulationtools,/tools/tftutorials,200,tool,tftutorials
134.134.137.83,2021-08-25,17:23:16,https://www.youtube.com/,2021-08-25,23:00:00,https://www.google.com/,/resources/s4sim,200,tool,s4sim
134.134.137.83,2021-08-25,17:23:16,https://www.youtube.com/,2021-08-25,17:23:16,https://www.youtube.com/,/tools/mldefect,200,tool,mldefect
134.134.139.70,2021-08-25,13:58:35,https://accounts.youtube.com/,2021-08-25,15:03:59,https://nanohub.org/resources/6318,/resources/5359,200,tool,5359
134.134.139.70,2021-08-25,13:58:35,https://accounts.youtube.com/,2021-08-25,15:02:56,https://nanohub.org/resources/omenwire/usage,/resources/omenwire/questions,200,tool,omenwire
134.147.175.97,2021-08-23,01:58:19,https://www.youtube.com/,2021-08-23,01:58:19,https://www.youtube.com/,/tools/intromllab,200,tool,intromllab
134.147.254.208,2021-08-01,14:53:52,https://www.youtube.com/watch?v=fxnErZUn0-w,2021-08-01,14:55:56,https://nanohub.org/resources/34744,/resources/imagesegment,200,tool,imagesegment
134.147.254.245,2021-08-01,11:08:26,https://www.youtube.com/watch?v=VagRsuPrctQ,2021-08-01,11:08:26,https://www.youtube.com/watch?v=VagRsuPrctQ,/tools/imagesegment,200,tool,imagesegment
134.147.254.42,2021-08-24,02:25:37,https://www.youtube.com/,2021-08-24,02:25:33,https://www.youtube.com/,/tools/intromllab,200,tool,intromllab
134.147.254.42,2021-08-24,02:25:37,https://www.youtube.com/,2021-08-24,02:25:37,https://www.youtube.com/,/tools/jupyter,200,tool,jupyter
134.226.128.28,2021-08-10,06:58:01,https://www.youtube.com/,2021-08-10,06:24:28,https://nanohub.org/resources/nanomatmech/usage,/resources/nanomatmech/citations,200,tool,nanomatmech
134.226.128.28,2021-08-10,06:58:01,https://www.youtube.com/,2021-08-11,09:04:58,https://www.google.com/,/resources/struc2lammpsdf,200,tool,struc2lammpsdf
136.49.120.78,2021-08-01,06:17:53,https://accounts.youtube.com/,2021-08-01,06:46:09,https://nanohub.org/members/332638/dashboard,/tools/cc3dbase4x,200,tool,cc3dbase4x
136.49.120.78,2021-08-01,06:17:53,https://accounts.youtube.com/,2021-08-01,07:46:03,https://nanohub.org/tools/tellurium/invoke/14,/tools/cc3dbase4x_r12/session?sess=1870564,200,tool,cc3dbase4x_r12
136.49.120.78,2021-08-01,06:17:53,https://accounts.youtube.com/,2021-08-01,06:47:52,https://nanohub.org/members/332638/dashboard,/tools/tellurium,200,tool,tellurium
136.49.120.78,2021-08-01,06:17:53,https://accounts.youtube.com/,2021-08-01,07:46:14,https://nanohub.org/tools/tellurium/invoke/14,/tools/tellurium_r14/session?sess=1870586,302,tool,tellurium_r14
137.132.119.1,2021-08-02,06:14:45,https://www.youtube.com/,2021-08-21,00:36:48,https://www.google.com/,/resources/oommf,200,tool,oommf
137.132.119.1,2021-08-02,06:14:45,https://www.youtube.com/,2021-08-06,21:46:11,http://strachanlab.org/,/tools,200,tool,
137.132.119.1,2021-08-02,06:14:45,https://www.youtube.com/,2021-08-06,21:46:37,https://nanohub.org/tools/purdueme581/wiki,/tools/images/forge.png,200,tool,images
137.132.119.1,2021-08-02,06:14:45,https://www.youtube.com/,2021-08-06,21:46:36,https://nanohub.org/tools/purdueme581/chrome/common/css/wiki.css,/tools/purdueme581/chrome/common/css/code.css,200,tool,purdueme581
137.220.74.47,2021-08-30,16:13:13,https://www.youtube.com/,2021-08-30,16:13:47,https://www.google.com/,/resources/handsonpinns,200,tool,handsonpinns
138.23.112.73,2021-08-14,17:21:03,https://www.youtube.com/,2021-08-14,17:19:07,https://www.youtube.com/,/resources/jupyter,200,tool,jupyter
138.23.112.73,2021-08-14,17:21:03,https://www.youtube.com/,2021-08-04,14:46:01,https://www.google.com/,/resources/mseml,200,tool,mseml
138.23.112.73,2021-08-14,17:21:03,https://www.youtube.com/,2021-08-14,17:18:44,https://proxy.nanohub.org/,/tools/anonymous/stop?sess=1875596,302,tool,anonymous
138.23.112.73,2021-08-14,17:21:03,https://www.youtube.com/,2021-08-13,16:43:36,https://www.youtube.com/,/tools/maml,200,tool,maml
138.246.3.49,2021-08-26,07:58:00,https://www.youtube.com/,2021-08-26,07:48:54,https://nanohub.org/resources/handsonpinns/usage,/resources/handsonpinns/citations,200,tool,handsonpinns
1.39.222.47,2021-08-19,18:01:29,https://www.youtube.com/,2021-08-19,17:39:31,https://www.google.com/,/resources/handsonpinns,200,tool,handsonpinns
140.0.61.224,2021-08-06,01:27:26,https://www.youtube.com/,2021-08-06,01:27:47,https://nanohub.org/resources/intromllab/usage,/resources/intromllab/about,200,tool,intromllab
140.186.188.37,2021-08-31,09:32:24,https://www.youtube.com/,2021-08-23,00:01:29,https://www.google.com/,/resources/polymod,200,tool,polymod
14.139.123.36,2021-08-20,13:07:24,https://www.youtube.com/,2021-08-12,03:04:13,https://www.google.com/,/resources/mseml,200,tool,mseml
14.139.123.36,2021-08-20,13:07:24,https://www.youtube.com/,2021-08-21,05:01:17,https://nanohub.org/resources/tools,/tools/dda/invoke/249,302,tool,dda
14.139.123.36,2021-08-20,13:07:24,https://www.youtube.com/,2021-08-21,04:54:42,https://nanohub.org/resources/tools,/tools/ddaplus/invoke/253,302,tool,ddaplus
14.139.123.36,2021-08-20,13:07:24,https://www.youtube.com/,2021-08-21,04:56:18,https://accounts.google.com/,/tools/nanoparticle/invoke/16,200,tool,nanoparticle
14.139.123.36,2021-08-20,13:07:24,https://www.youtube.com/,2021-08-16,22:14:10,https://nanohub.org/,/tools/qwalk,200,tool,qwalk
14.139.128.16,2021-08-30,23:19:55,https://www.youtube.com/,2021-08-24,22:19:11,https://nanohub.org/resources/handsonpinns,/resources/35049/citation?citationFormat=endnote&no_html=1&rev=13,200,tool,35049
14.139.128.16,2021-08-30,23:19:55,https://www.youtube.com/,2021-08-24,22:19:00,,/resources/handsonpinns,200,tool,handsonpinns
14.139.128.43,2021-08-10,09:30:17,https://www.youtube.com/,2021-08-10,00:45:42,https://www.google.com/,/resources/3842,200,tool,3842
14.139.128.43,2021-08-10,09:30:17,https://www.youtube.com/,2021-08-12,01:32:30,https://www.google.com/,/resources/struc2lammpsdf,200,tool,struc2lammpsdf
14.139.128.43,2021-08-10,09:30:17,https://www.youtube.com/,2021-08-30,02:56:26,https://nanohub.org/groups/nemo5distribution,/tools/1dhetero,200,tool,1dhetero
14.139.128.43,2021-08-10,09:30:17,https://www.youtube.com/,2021-08-01,07:42:00,,/tools/tellurium,200,tool,tellurium
14.139.128.43,2021-08-10,09:30:17,https://www.youtube.com/,2021-08-10,00:52:03,https://accounts.google.com/,/tools/ucb_compnano/invoke/845,200,tool,ucb_compnano
14.139.160.230,2021-08-05,23:47:06,https://www.youtube.com/,2021-08-29,21:55:49,https://www.google.com/,/resources/fibstream,200,tool,fibstream
14.139.196.15,2021-08-25,06:15:54,https://www.youtube.com/,2021-08-11,04:37:16,https://www.seriius.org/,/resources/adeptnpt,200,tool,adeptnpt
14.139.196.15,2021-08-25,06:15:54,https://www.youtube.com/,2021-08-11,04:38:00,https://nanohub.org/groups/pv,/resources/tpvtest,200,tool,tpvtest
14.139.196.15,2021-08-25,06:15:54,https://www.youtube.com/,2021-08-14,08:21:00,,/tools/mastmltutorial,200,tool,mastmltutorial
14.139.196.16,2021-08-31,00:16:28,https://www.youtube.com/,2021-08-21,01:10:34,,/resources/crystalviewer,200,tool,crystalviewer
14.139.196.16,2021-08-31,00:16:28,https://www.youtube.com/,2021-08-31,00:16:28,https://www.youtube.com/,/tools/intromllab,200,tool,intromllab
14.139.204.210,2021-08-30,23:29:42,https://www.youtube.com/,2021-08-17,21:34:28,https://www.google.com/,/resources/26958?rev=50,200,tool,26958
14.139.204.210,2021-08-30,23:29:42,https://www.youtube.com/,2021-08-31,23:39:11,https://www.google.com/,/resources/qdot,200,tool,qdot
14.139.204.210,2021-08-30,23:29:42,https://www.youtube.com/,2021-08-23,22:36:18,https://nanohub.org/resources/dftqe,/tools/dftqe/invoke/111,302,tool,dftqe
14.139.240.89,2021-08-16,21:07:18,https://www.youtube.com/,2021-08-07,10:15:20,https://nanohub.org/tools/tftutorials,/resources/tftutorials/supportingdocs,200,tool,tftutorials
14.139.240.89,2021-08-16,21:07:18,https://www.youtube.com/,2021-08-18,01:33:18,https://nanohub.org/tools/vides,/resources/vides/supportingdocs,200,tool,vides
14.139.240.89,2021-08-16,21:07:18,https://www.youtube.com/,2021-08-08,22:24:03,,/tools/matdatarepo/,200,tool,matdatarepo
14.139.240.89,2021-08-16,21:07:18,https://www.youtube.com/,2021-08-06,21:09:14,https://nanohub.org/groups/ml/simulationtools,/tools/mseml,200,tool,mseml
14.139.37.108,2021-08-02,21:53:24,https://www.youtube.com/,2021-08-02,11:31:50,https://www.google.com/,/resources/cnegfmos,200,tool,cnegfmos
14.139.37.108,2021-08-02,21:53:24,https://www.youtube.com/,2021-08-23,21:11:38,https://www.google.com/,/resources/kronigpenneylab,200,tool,kronigpenneylab
14.139.37.108,2021-08-02,21:53:24,https://www.youtube.com/,2021-08-02,11:31:52,https://www.google.com/,/resources/rtdnegf,200,tool,rtdnegf
14.139.50.90,2021-08-14,02:26:31,https://www.youtube.com/watch?v=Yi0DhVxXWPQ&t=10s,2021-08-13,09:27:23,https://nanohub.org/resources/citrinednn/supportingdocs,/resources/citrinednn/supportingdocs,200,tool,citrinednn
141.63.249.190,2021-08-04,08:15:35,https://www.youtube.com/,2021-08-04,08:12:47,https://www.youtube.com/,/tools/intromllab,200,tool,intromllab
141.63.249.190,2021-08-04,08:15:35,https://www.youtube.com/,2021-08-04,08:15:35,https://www.youtube.com/,/tools/jupyter,200,tool,jupyter
14.167.101.83,2021-08-25,00:26:25,https://www.youtube.com/,2021-08-25,00:28:27,https://nanohub.org/members/myaccount,/tools,200,tool,
14.167.101.83,2021-08-25,00:26:25,https://www.youtube.com/,2021-08-25,00:41:28,https://nanohub.org/tools/3datomsmodel/chrome/common/css/wiki.css,/tools/3datomsmodel/chrome/common/css/code.css,200,tool,3datomsmodel
14.167.101.83,2021-08-25,00:26:25,https://www.youtube.com/,2021-08-25,00:41:53,https://nanohub.org/tools/alissatesttool/wiki,/tools/alissatesttool/chrome/common/css/code.css,200,tool,alissatesttool
14.167.101.83,2021-08-25,00:26:25,https://www.youtube.com/,2021-08-25,00:41:53,https://nanohub.org/tools/angiogencc3d/chrome/common/css/wiki.css,/tools/angiogencc3d/chrome/common/css/code.css,200,tool,angiogencc3d
14.167.101.83,2021-08-25,00:26:25,https://www.youtube.com/,2021-08-25,00:51:53,https://proxy.nanohub.org/,/tools/anonymous/stop?sess=1879239,302,tool,anonymous
14.167.101.83,2021-08-25,00:26:25,https://www.youtube.com/,2021-08-25,00:28:51,https://nanohub.org/tools/bayesopt/chrome/common/css/wiki.css,/tools/bayesopt/chrome/common/css/code.css,200,tool,bayesopt
14.167.101.83,2021-08-25,00:26:25,https://www.youtube.com/,2021-08-25,00:48:34,https://nanohub.org/tools/biophotonicsim/session?sess=1879236,/tools/biophotonicsim,200,tool,biophotonicsim
14.167.101.83,2021-08-25,00:26:25,https://www.youtube.com/,2021-08-25,00:41:37,https://nanohub.org/tools/3datomsmodel/roadmap,/tools/images/forge.png,200,tool,images
14.167.101.83,2021-08-25,00:26:25,https://www.youtube.com/,2021-08-25,00:33:49,https://nanohub.org/tools/jupytergpu/chrome/common/css/wiki.css,/tools/jupytergpu/chrome/common/css/code.css,200,tool,jupytergpu
14.167.101.83,2021-08-25,00:26:25,https://www.youtube.com/,2021-08-25,00:33:48,https://nanohub.org/tools/jupyterlab/chrome/common/css/wiki.css,/tools/jupyterlab/chrome/common/css/code.css,200,tool,jupyterlab
14.167.101.83,2021-08-25,00:26:25,https://www.youtube.com/,2021-08-25,00:40:22,https://nanohub.org/tools/jupytermanual/chrome/common/css/wiki.css,/tools/jupytermanual/chrome/common/css/code.css,200,tool,jupytermanual
14.167.101.83,2021-08-25,00:26:25,https://www.youtube.com/,2021-08-25,00:51:30,https://nanohub.org/tools/maml/chrome/common/css/wiki.css,/tools/maml/chrome/common/css/code.css,200,tool,maml
14.167.101.83,2021-08-25,00:26:25,https://www.youtube.com/,2021-08-25,00:50:47,https://nanohub.org/tools/ml4ecg/wiki,/tools/ml4ecg/chrome/common/css/code.css,200,tool,ml4ecg
14.167.101.83,2021-08-25,00:26:25,https://www.youtube.com/,2021-08-25,00:50:45,https://nanohub.org/tools/mlatomprop/chrome/common/css/wiki.css,/tools/mlatomprop/chrome/common/css/code.css,200,tool,mlatomprop
14.167.101.83,2021-08-25,00:26:25,https://www.youtube.com/,2021-08-25,00:50:46,https://nanohub.org/tools/mldefect/chrome/common/css/wiki.css,/tools/mldefect/chrome/common/css/code.css,200,tool,mldefect
14.167.101.83,2021-08-25,00:26:25,https://www.youtube.com/,2021-08-25,00:50:44,https://nanohub.org/tools/mldev/wiki,/tools/mldev/chrome/common/css/code.css,200,tool,mldev
14.167.101.83,2021-08-25,00:26:25,https://www.youtube.com/,2021-08-25,00:50:40,https://nanohub.org/tools/mseml/wiki,/tools/mseml/chrome/common/css/code.css,200,tool,mseml
14.167.101.83,2021-08-25,00:26:25,https://www.youtube.com/,2021-08-25,00:50:40,https://nanohub.org/tools/msemlg/wiki,/tools/msemlg/chrome/common/css/code.css,200,tool,msemlg
14.167.101.83,2021-08-25,00:26:25,https://www.youtube.com/,2021-08-25,00:50:38,https://nanohub.org/tools/nntut/chrome/common/css/wiki.css,/tools/nntut/chrome/common/css/code.css,200,tool,nntut
14.167.101.83,2021-08-25,00:26:25,https://www.youtube.com/,2021-08-25,00:49:45,https://nanohub.org/tools/npshapelab/chrome/common/css/wiki.css,/tools/npshapelab/chrome/common/css/code.css,200,tool,npshapelab
14.167.101.83,2021-08-25,00:26:25,https://www.youtube.com/,2021-08-25,00:49:33,https://nanohub.org/tools/opv/chrome/common/css/wiki.css,/tools/opv/chrome/common/css/code.css,200,tool,opv
14.167.101.83,2021-08-25,00:26:25,https://www.youtube.com/,2021-08-25,00:48:12,https://nanohub.org/tools/parallelcoding/wiki,/tools/parallelcoding/chrome/common/css/code.css,200,tool,parallelcoding
14.167.101.83,2021-08-25,00:26:25,https://www.youtube.com/,2021-08-25,00:48:10,https://nanohub.org/tools/rapp/chrome/common/css/wiki.css,/tools/rapp/chrome/common/css/code.css,200,tool,rapp
14.167.101.83,2021-08-25,00:26:25,https://www.youtube.com/,2021-08-25,00:50:02,https://nanohub.org/tools/soimosfet123/chrome/common/css/wiki.css,/tools/soimosfet123/chrome/common/css/code.css,200,tool,soimosfet123
14.167.101.83,2021-08-25,00:26:25,https://www.youtube.com/,2021-08-25,00:47:55,https://nanohub.org/tools/tightbinding/wiki,/tools/tightbinding/chrome/common/css/code.css,200,tool,tightbinding
14.167.101.83,2021-08-25,00:26:25,https://www.youtube.com/,2021-08-25,00:30:44,https://nanohub.org/tools/workspacegpu/chrome/common/css/wiki.css,/tools/workspacegpu/chrome/common/css/code.css,200,tool,workspacegpu
14.167.101.83,2021-08-25,00:26:25,https://www.youtube.com/,2021-08-25,00:31:01,https://nanohub.org/tools/workspacenovnc/wiki,/tools/workspacenovnc/chrome/common/css/code.css,200,tool,workspacenovnc
143.129.130.171,2021-08-20,06:14:38,https://www.youtube.com/,2021-08-20,06:12:36,https://nanohub.org/tools/jupyter,/resources/jupyter/questions,200,tool,jupyter
143.129.130.171,2021-08-20,06:14:38,https://www.youtube.com/,2021-08-20,06:13:32,https://nanohub.org/tools/intromllab,/tools/intromllab,200,tool,intromllab
143.215.38.173,2021-08-03,15:02:07,https://www.youtube.com/,2021-08-12,14:46:32,https://nanohub.org/resources/netdebugger/about,/resources/license?tool=netdebugger_r51&no_html=1,200,tool,license
143.215.38.173,2021-08-03,15:02:07,https://www.youtube.com/,2021-08-12,14:46:14,https://nanohub.org/resources/netdebugger/supportingdocs,/resources/netdebugger/about,200,tool,netdebugger
143.248.236.135,2021-08-19,03:52:12,https://www.youtube.com/,2021-08-19,03:52:29,https://nanohub.org/resources/11051,/tools/pcpbt,200,tool,pcpbt
144.91.219.23,2021-08-24,11:43:49,https://www.youtube.com/,2021-08-24,11:47:44,https://nanohub.org/resources,/resources/browse,200,tool,browse
144.91.219.23,2021-08-24,11:43:49,https://www.youtube.com/,2021-08-24,11:48:11,https://nanohub.org/resources/browse?search=machine+learning&sortby=date&tag=&type=&limit=20&limitstart=0,/resources/perovmldis,200,tool,perovmldis
150.242.75.144,2021-08-19,02:01:57,https://www.youtube.com/,2021-08-19,02:01:57,https://www.youtube.com/,/tools/mldefect,200,tool,mldefect
152.106.99.148,2021-08-20,10:17:10,https://www.youtube.com/,2021-08-20,10:14:35,https://www.youtube.com/,/tools/intromllab,200,tool,intromllab
152.44.1.201,2021-08-10,05:16:22,https://accounts.youtube.com/,2021-08-10,05:18:13,https://nanohub.org/,/resources/25055,200,tool,25055
152.44.1.201,2021-08-10,05:16:22,https://accounts.youtube.com/,2021-08-10,05:15:14,https://compucell3d.org/,/tools/cc3dbase4x,200,tool,cc3dbase4x
152.8.31.105,2021-08-22,16:04:54,https://accounts.youtube.com/,2021-08-22,16:10:07,https://nanohub.org/resources/struc2lammpsdf,/resources/26958/supportingdocs,200,tool,26958
152.8.31.105,2021-08-22,16:04:54,https://accounts.youtube.com/,2021-08-22,16:02:24,https://www.google.com/,/resources/struc2lammpsdf,200,tool,struc2lammpsdf
153.109.180.171,2021-08-24,02:41:11,https://www.youtube.com/,2021-08-24,02:42:59,,/tools/handsonpinns,200,tool,handsonpinns
155.4.51.214,2021-08-26,13:40:02,https://m.youtube.com/,2021-08-26,13:41:19,,/tools/,200,tool,
155.4.51.214,2021-08-26,13:40:02,https://m.youtube.com/,2021-08-26,13:41:45,,/tools/handsonpinns,200,tool,handsonpinns
155.97.233.181,2021-08-17,21:31:59,https://www.youtube.com/,2021-08-17,12:21:10,https://www.google.com/,/resources/mseml,200,tool,mseml
155.97.233.181,2021-08-17,21:31:59,https://www.youtube.com/,2021-08-17,21:30:51,,/tools/matdatarepo/,200,tool,matdatarepo
155.97.233.181,2021-08-17,21:31:59,https://www.youtube.com/,2021-08-17,21:35:35,https://nanohub.org/tools/mseml/invoke/49,/tools/mseml_r49/session?sess=1876511,302,tool,mseml_r49
156.56.158.82,2021-08-23,12:35:34,https://accounts.youtube.com/,2021-08-19,09:51:28,https://nanohub.org/members/184552/dashboard,/tools/jupyter70,200,tool,jupyter70
156.56.158.82,2021-08-23,12:35:34,https://accounts.youtube.com/,2021-08-23,13:11:36,https://nanohub.org/members/myaccount,/tools/workspace,200,tool,workspace
157.39.147.141,2021-08-13,07:12:32,https://www.youtube.com/,2021-08-13,07:12:32,https://www.youtube.com/,/tools/citrinednn,200,tool,citrinednn
157.41.29.69,2021-08-12,16:30:20,https://www.youtube.com/,2021-08-12,17:15:45,https://www.google.com/,/resources/pnjunctionlab,200,tool,pnjunctionlab
157.41.29.69,2021-08-12,16:30:20,https://www.youtube.com/,2021-08-12,17:53:48,https://nanohub.org/members/322370/dashboard,/tools/abacus,200,tool,abacus
157.41.29.69,2021-08-12,16:30:20,https://www.youtube.com/,2021-08-12,17:58:40,https://nanohub.org/tools/abacus/invoke/36,/tools/abacus_r36/session?sess=1875344,200,tool,abacus_r36
157.41.29.69,2021-08-12,16:30:20,https://www.youtube.com/,2021-08-12,17:11:05,https://nanohub.org/resources/tools?view=tags,/tools/create,200,tool,create
157.41.29.69,2021-08-12,16:30:20,https://www.youtube.com/,2021-08-12,17:56:04,https://nanohub.org/tools/abacus/invoke/36,/tools/pnjunctionlab_r18/stop?sess=1875338,302,tool,pnjunctionlab_r18
157.41.29.69,2021-08-12,16:30:20,https://www.youtube.com/,2021-08-12,16:52:27,https://nanohub.org/resources/ucb_compnano,/tools/ucb_compnano/invoke/845,302,tool,ucb_compnano
157.49.159.45,2021-08-02,21:55:37,https://www.youtube.com/,2021-08-02,21:55:37,https://www.youtube.com/,/tools/citrinednn,200,tool,citrinednn
160.39.59.117,2021-08-15,00:34:15,https://www.youtube.com/,2021-08-15,00:34:15,https://www.youtube.com/,/tools/intromllab,200,tool,intromllab
1.6.122.81,2021-08-06,09:52:32,https://www.youtube.com/,2021-08-09,20:15:37,https://www.google.com/,/resources/thermo,200,tool,thermo
1.6.122.81,2021-08-06,09:52:32,https://www.youtube.com/,2021-08-06,10:04:33,https://nanohub.org/resources/32323,/tools/mseml,200,tool,mseml
171.240.178.154,2021-08-21,05:38:28,https://www.youtube.com/,2021-08-21,01:05:21,https://nanohub.org//,/resources/nanoconfinement/,200,tool,nanoconfinement
171.240.178.154,2021-08-21,05:38:28,https://www.youtube.com/,2021-08-21,01:09:25,https://nanohub.org/groups/materials/simulation_tools/macroscale_tools,/resources/purdueme323,200,tool,purdueme323
171.240.178.154,2021-08-21,05:38:28,https://www.youtube.com/,2021-08-21,00:34:20,https://nanohub.org/wiki/QDotLab,/resources/qdot,200,tool,qdot
171.240.178.154,2021-08-21,05:38:28,https://www.youtube.com/,2021-08-21,01:17:53,https://nanohub.org/groups/characterization/characterization_simulation_tools,/resources/veda,200,tool,veda
171.240.178.154,2021-08-21,05:38:28,https://www.youtube.com/,2021-08-21,01:06:11,https://nanohub.org//,/tools/mavelp,200,tool,mavelp
171.240.178.154,2021-08-21,05:38:28,https://www.youtube.com/,2021-08-21,01:17:59,https://nanohub.org/groups/materials/materials_courses,/tools/mseml/,200,tool,mseml
171.240.178.154,2021-08-21,05:38:28,https://www.youtube.com/,2021-08-21,01:05:54,https://nanohub.org//,/tools/npshapelab,200,tool,npshapelab
172.104.111.142,2021-08-17,16:24:16,https://www.youtube.com/,2021-08-17,16:26:46,https://nanohub.org/resources/imagesegment/usage,/resources/imagesegment/citations,200,tool,imagesegment
174.115.62.158,2021-08-03,20:19:06,https://www.youtube.com/,2021-08-10,21:10:47,https://proxy.nanohub.org/,/resources/jupyter,200,tool,jupyter
174.115.62.158,2021-08-03,20:19:06,https://www.youtube.com/,2021-08-03,20:32:17,https://www.youtube.com/,/tools/intromllab,200,tool,intromllab
174.127.219.143,2021-08-21,17:08:33,https://www.youtube.com/,2021-08-28,04:35:44,https://www.google.com/,/resources/10913,200,tool,10913
174.127.219.143,2021-08-21,17:08:33,https://www.youtube.com/,2021-08-28,04:36:22,https://nanohub.org/login?primary=hubzero&reset=1&return=L3Rvb2xzL2FkZXB0bnB0L2ludm9rZS8xNTE=,/tools/adeptnpt/invoke/151,200,tool,adeptnpt
174.248.236.87,2021-08-23,08:39:45,https://accounts.youtube.com/,2021-08-23,08:39:03,,/resources/tellurium,200,tool,tellurium
175.136.43.60,2021-08-10,10:59:40,https://www.youtube.com/,2021-08-10,10:59:40,https://www.youtube.com/,/tools/imagesegment,200,tool,imagesegment
176.199.210.241,2021-08-09,12:27:57,https://www.youtube.com/,2021-08-08,04:53:34,https://nanohub.org/tools/citrinednn,/resources/citrinednn/usage,200,tool,citrinednn
176.234.9.198,2021-08-06,23:26:02,https://www.youtube.com/,2021-08-06,23:23:52,https://www.google.com/,/resources/mseml,200,tool,mseml
176.234.9.198,2021-08-06,23:26:02,https://www.youtube.com/,2021-08-06,23:26:39,https://nanohub.org/login?primary=hubzero&reset=1&return=L3Rvb2xzL2ludHJvbWxsYWI=,/tools/intromllab,200,tool,intromllab
176.59.41.205,2021-08-30,15:03:36,https://www.youtube.com/,2021-08-30,15:06:18,https://www.youtube.com/,/tools/intromllab,200,tool,intromllab
176.59.41.205,2021-08-30,15:03:36,https://www.youtube.com/,2021-08-30,15:03:36,https://www.youtube.com/,/tools/jupyter,200,tool,jupyter
178.164.249.34,2021-08-18,03:31:35,https://www.youtube.com/,2021-08-18,03:31:35,https://www.youtube.com/,/tools/imagesegment,200,tool,imagesegment
180.150.80.58,2021-08-12,05:35:57,https://www.youtube.com/,2021-08-12,04:59:22,,/tools/youngsmod,200,tool,youngsmod
182.216.224.92,2021-08-05,16:38:01,https://www.youtube.com/,2021-08-07,16:18:01,https://www.google.com/,/resources/barefoot,200,tool,barefoot
182.216.224.92,2021-08-05,16:38:01,https://www.youtube.com/,2021-08-08,01:43:46,https://www.google.com/,/resources/mseml,200,tool,mseml
182.216.224.92,2021-08-05,16:38:01,https://www.youtube.com/,2021-08-13,19:51:04,,/resources/nanonet,200,tool,nanonet
186.249.146.163,2021-08-17,14:01:33,https://www.youtube.com/,2021-08-17,13:54:04,https://nanohub.org/resources/handsonpinns/supportingdocs,/resources/handsonpinns/about,200,tool,handsonpinns
186.249.146.163,2021-08-17,14:01:33,https://www.youtube.com/,2021-08-17,17:42:47,https://nanohub.org/tools/mseml,/resources/mseml/usage,200,tool,mseml
187.3.221.77,2021-08-20,07:46:11,https://www.youtube.com/,2021-08-20,07:06:43,https://www.google.com/,/resources/mseml,200,tool,mseml
187.3.221.77,2021-08-20,07:46:11,https://www.youtube.com/,2021-08-20,09:43:37,,/tools/intromllab,200,tool,intromllab
188.233.216.181,2021-08-20,08:39:07,https://www.youtube.com/,2021-08-20,08:39:25,https://nanohub.org/resources/imagesegment/usage,/resources/imagesegment/about,200,tool,imagesegment
188.76.14.128,2021-08-27,04:56:28,https://www.youtube.com/,2021-08-19,22:46:33,https://nanohub.org/,/resources/30961?rev=41,200,tool,30961
188.76.14.128,2021-08-27,04:56:28,https://www.youtube.com/,2021-08-19,05:48:16,https://www.google.com/,/resources/agpvsim,200,tool,agpvsim
190.138.122.171,2021-08-13,13:01:14,https://www.youtube.com/,2021-08-13,13:03:32,https://www.google.com/,/resources/citrinetools,200,tool,citrinetools
190.138.122.171,2021-08-13,13:01:14,https://www.youtube.com/,2021-08-13,13:01:14,https://www.youtube.com/,/tools/jupyter,200,tool,jupyter
190.43.183.169,2021-08-26,04:23:19,https://www.youtube.com/,2021-08-26,19:45:58,https://nanohub.org/tools/imagesegment,/resources/34585/supportingdocs,200,tool,34585
190.43.183.169,2021-08-26,04:23:19,https://www.youtube.com/,2021-08-26,19:46:35,https://nanohub.org/resources/imagesegment/usage,/resources/imagesegment/about,200,tool,imagesegment
191.183.100.191,2021-08-29,11:17:07,https://www.youtube.com/,2021-08-30,16:39:50,https://www.google.com/,/resources/handsonpinns,200,tool,handsonpinns
191.240.13.196,2021-08-12,19:08:27,https://www.youtube.com/,2021-08-12,15:56:39,,/resources/handsonpinns,200,tool,handsonpinns
191.82.25.193,2021-08-13,13:24:08,https://www.youtube.com/,2021-08-12,08:06:05,https://nanohub.org/wiki/aqme2,/resources/bsclab,200,tool,bsclab
191.82.25.193,2021-08-13,13:24:08,https://www.youtube.com/,2021-08-12,08:04:19,https://nanohub.org/wiki/aqme2,/resources/rtd,200,tool,rtd
192.174.37.51,2021-08-10,15:10:05,https://www.youtube.com/watch?v=o9JaZGWekWQ,2021-08-27,12:52:09,https://nanohub.org/search?terms=adept,/resources/adeptnpt,200,tool,adeptnpt
192.174.37.51,2021-08-10,15:10:05,https://www.youtube.com/watch?v=o9JaZGWekWQ,2021-08-27,12:19:17,https://nanohub.org/search?terms=contourpv,/resources/contourpv,200,tool,contourpv
192.174.37.51,2021-08-10,15:10:05,https://www.youtube.com/watch?v=o9JaZGWekWQ,2021-08-02,13:20:41,https://www.pvlighthouse.com.au/,/resources/pvanalyzer,200,tool,pvanalyzer
192.91.235.243,2021-08-01,18:29:24,https://www.youtube.com/,2021-08-01,18:32:56,https://nanohub.org/tools/handsonpinns,/resources/35049/supportingdocs,200,tool,35049
192.91.235.243,2021-08-01,18:29:24,https://www.youtube.com/,2021-08-01,18:32:24,,/tools/handsonpinns,200,tool,handsonpinns
193.190.253.145,2021-08-30,13:28:47,https://www.youtube.com/redirect?event=video_description&redir_token=QUFFLUhqblRPdkIweHEwOHl5OWQtOUtpY1c0RjFNTWRDZ3xBQ3Jtc0trVm9Vc3RGZnhqR3FkZlB1enZFb0doLWlGQmNlbWNoalN0UHNON0cxZWFEZ3I5NnozZzMzaGRaVGRybnJ5UnBZTjlueURzeHp1cXFjampqa0Rya1dfT3NFbVQxeWE1aVc0bmtTR01kMC15RzVUVTJOYw&q=https%3A%2F%2Fnanohub.org%2Fcourses%2Fite,2021-08-11,01:21:45,https://www.google.com/,/resources/moscap,200,tool,moscap
193.190.253.145,2021-08-30,13:28:47,https://www.youtube.com/redirect?event=video_description&redir_token=QUFFLUhqblRPdkIweHEwOHl5OWQtOUtpY1c0RjFNTWRDZ3xBQ3Jtc0trVm9Vc3RGZnhqR3FkZlB1enZFb0doLWlGQmNlbWNoalN0UHNON0cxZWFEZ3I5NnozZzMzaGRaVGRybnJ5UnBZTjlueURzeHp1cXFjampqa0Rya1dfT3NFbVQxeWE1aVc0bmtTR01kMC15RzVUVTJOYw&q=https%3A%2F%2Fnanohub.org%2Fcourses%2Fite,2021-08-10,06:46:47,https://www.google.com/,/resources/polymod,200,tool,polymod
193.255.53.110,2021-08-18,08:17:32,https://www.youtube.com/,2021-08-11,06:33:22,https://nanohub.org/members/319542/dashboard,/tools/struct2lammps,200,tool,struct2lammps
195.246.47.50,2021-08-02,06:13:45,https://www.youtube.com/,2021-08-02,06:20:47,,/resources/17665,200,tool,17665
195.246.47.50,2021-08-02,06:13:45,https://www.youtube.com/,2021-08-28,05:52:24,https://nanohub.org/resources/nwabsorption,/resources/20977/citation?citationFormat=endnote&no_html=1&rev=28,200,tool,20977
195.246.47.50,2021-08-02,06:13:45,https://www.youtube.com/,2021-08-28,05:50:38,https://nanohub.org/resources/extcs,/resources/34042/about,200,tool,34042
195.246.47.50,2021-08-02,06:13:45,https://www.youtube.com/,2021-08-16,02:30:23,https://nanohub.org/tags/miescattering,/resources/extcs,200,tool,extcs
195.246.47.50,2021-08-02,06:13:45,https://www.youtube.com/,2021-08-16,02:39:36,https://nanohub.org/tags/miescattering,/resources/nwabsorption,200,tool,nwabsorption
195.246.47.50,2021-08-02,06:13:45,https://www.youtube.com/,2021-08-02,06:21:10,https://nanohub.org/login?return=L3Rvb2xzL2RkYS9pbnZva2UvMjQ5,/tools/dda/invoke/249,302,tool,dda
195.246.47.50,2021-08-02,06:13:45,https://www.youtube.com/,2021-08-02,06:30:58,https://nanohub.org/members/myaccount,/tools/dftqe,200,tool,dftqe
195.246.47.50,2021-08-02,06:13:45,https://www.youtube.com/,2021-08-16,02:40:39,https://nanohub.org/tools/nwabsorption/invoke/28,/tools/extcs_r41/session?sess=1876001,200,tool,extcs_r41
195.246.47.50,2021-08-02,06:13:45,https://www.youtube.com/,2021-08-16,02:41:16,https://nanohub.org/tools/nwabsorption/invoke/28,/tools/nwabsorption_r28/session?sess=1876000,200,tool,nwabsorption_r28
196.77.0.124,2021-08-23,17:06:09,https://www.youtube.com/,2021-08-23,17:11:03,https://www.google.com/,/resources/handsonpinns,200,tool,handsonpinns
197.2.34.90,2021-08-10,15:40:23,https://www.youtube.com/,2021-08-10,16:26:39,https://nanohub.org/resources/tools,/tools/dftmatprop/invoke/62,302,tool,dftmatprop
197.2.34.90,2021-08-10,15:40:23,https://www.youtube.com/,2021-08-10,16:18:30,https://nanohub.org/resources/tools,/tools/mastmltutorial/invoke/11,302,tool,mastmltutorial
197.2.34.90,2021-08-10,15:40:23,https://www.youtube.com/,2021-08-10,16:53:38,https://nanohub.org/tools/matsimtk/invoke/68,/tools/mastmltutorial_r11/stop?sess=1874704,302,tool,mastmltutorial_r11
197.2.34.90,2021-08-10,15:40:23,https://www.youtube.com/,2021-08-10,16:53:19,https://nanohub.org/resources/tools,/tools/matsimtk/invoke/68,200,tool,matsimtk
197.2.34.90,2021-08-10,15:40:23,https://www.youtube.com/,2021-08-10,17:01:26,https://nanohub.org/resources/tools,/tools/mseml/invoke/49,302,tool,mseml
198.102.151.241,2021-08-12,15:36:47,https://accounts.youtube.com/,2021-08-13,06:49:01,https://nanohub.org/resources/fibstream/versions,/resources/24027?rev=24,200,tool,24027
198.102.151.241,2021-08-12,15:36:47,https://accounts.youtube.com/,2021-08-12,15:33:58,https://www.google.com/,/resources/fibstream,200,tool,fibstream
198.102.151.241,2021-08-12,15:36:47,https://accounts.youtube.com/,2021-08-13,06:46:41,https://nanohub.org/tools/filelist?tmpl=component,/tools/deletefile?file=.ratpoison_history&listdir=&tmpl=component,200,tool,deletefile
198.102.151.241,2021-08-12,15:36:47,https://accounts.youtube.com/,2021-08-12,15:50:11,https://nanohub.org/tools/fibstream/invoke/24,/tools/fibstream_r24/stop?sess=1875319,302,tool,fibstream_r24
198.102.151.241,2021-08-12,15:36:47,https://accounts.youtube.com/,2021-08-13,06:46:35,https://nanohub.org/tools/filelist?tmpl=component&listdir=/data/sessions/1875321,/tools/filelist?tmpl=component,200,tool,filelist
198.102.151.241,2021-08-12,15:36:47,https://accounts.youtube.com/,2021-08-13,06:45:53,https://nanohub.org/members/334963/dashboard,/tools/storage,200,tool,storage
199.247.40.59,2021-08-06,02:26:09,https://www.youtube.com/,2021-08-06,02:26:09,https://www.youtube.com/,/tools/mastmltutorial,200,tool,mastmltutorial
200.34.171.30,2021-08-26,04:45:18,https://www.youtube.com/watch?v=8z9jmqpg3A4,2021-08-25,13:09:02,https://nanohub.org/resources/6821/about,/resources/3741,200,tool,3741
200.34.171.30,2021-08-26,04:45:18,https://www.youtube.com/watch?v=8z9jmqpg3A4,2021-08-25,13:09:08,https://nanohub.org/resources/3741,/tools/crystalviewer,200,tool,crystalviewer
202.3.77.204,2021-08-24,03:08:33,https://www.youtube.com/,2021-08-29,21:43:11,https://nanohub.org/tags/tft,/resources/asts,200,tool,asts
203.110.242.17,2021-08-27,01:00:02,https://www.youtube.com/,2021-08-11,01:48:49,https://nanohub.org/login?return=L3Rvb2xzL2F0Y2FkbGFi,/tools/atcadlab,200,tool,atcadlab
203.18.51.234,2021-08-16,03:26:03,https://www.youtube.com/,2021-08-16,03:24:23,,/tools/handsonpinns,200,tool,handsonpinns
203.186.123.56,2021-08-18,01:25:48,https://www.youtube.com/,2021-08-12,23:03:52,https://nanohub.org/,/tools/cntbands-ext/invoke/44,302,tool,cntbands-ext
203.186.123.56,2021-08-18,01:25:48,https://www.youtube.com/,2021-08-13,23:24:58,https://nanohub.org/resources/tools,/tools/cntfet/invoke/68,200,tool,cntfet
203.205.141.117,2021-08-17,20:22:59,https://www.youtube.com/,2021-08-17,20:23:32,https://www.youtube.com/,/tools/intromllab,200,tool,intromllab
203.205.141.117,2021-08-17,20:22:59,https://www.youtube.com/,2021-08-17,20:22:59,https://www.youtube.com/,/tools/jupyter,200,tool,jupyter
203.244.221.2,2021-08-09,16:40:10,https://www.youtube.com/,2021-08-05,04:36:33,https://nanohub.org/search/?terms=machine%20learning&limit=20&start=40,/resources/mastmltutorial,200,tool,mastmltutorial
203.244.221.2,2021-08-09,16:40:10,https://www.youtube.com/,2021-08-05,04:17:56,https://www.google.com/,/resources/msemlg,200,tool,msemlg
203.247.145.136,2021-08-23,18:04:03,https://www.youtube.com/,2021-08-23,18:05:31,https://nanohub.org/tools/intromllab,/resources/intromllab/usage,200,tool,intromllab
203.247.40.153,2021-08-02,18:02:57,https://www.youtube.com/,2021-08-02,18:26:57,https://nanohub.org/search?terms=neural+network,/resources/anngraph,200,tool,anngraph
203.247.40.153,2021-08-02,18:02:57,https://www.youtube.com/,2021-08-16,21:19:56,https://www.google.com/,/resources/msemlg,200,tool,msemlg
203.247.40.153,2021-08-02,18:02:57,https://www.youtube.com/,2021-08-02,01:44:50,,/tools/jupyter,200,tool,jupyter
203.247.40.153,2021-08-02,18:02:57,https://www.youtube.com/,2021-08-09,19:19:48,https://nanohub.org/tools/jupyter/invoke/9,/tools/jupyter_r9/stop?sess=1874117,302,tool,jupyter_r9
203.247.40.153,2021-08-02,18:02:57,https://www.youtube.com/,2021-08-02,01:44:53,,/tools/mseml,200,tool,mseml
204.115.151.254,2021-08-17,05:54:31,https://www.youtube.com/,2021-08-10,07:48:41,https://www.google.com/,/resources/polymod,200,tool,polymod
204.115.151.254,2021-08-17,05:54:31,https://www.youtube.com/,2021-08-02,13:46:59,https://nanohub.org/search?terms=Structure-Force+Field+Generator+for+Molecular+Dynamics+Simulations,/resources/struc2lammpsdf,200,tool,struc2lammpsdf
204.115.151.254,2021-08-17,05:54:31,https://www.youtube.com/,2021-08-02,13:41:58,https://nanohub.org/members/28706/points,/tools,200,tool,
204.115.151.254,2021-08-17,05:54:31,https://www.youtube.com/,2021-08-25,09:50:35,https://www.ctcms.nist.gov/,/tools/vkmlpsgg/,200,tool,vkmlpsgg
204.174.232.2,2021-08-19,12:26:44,https://www.youtube.com/,2021-08-27,12:57:17,https://nanohub.org/resources,/resources/browse?search=FDX,200,tool,browse
204.174.232.2,2021-08-19,12:26:44,https://www.youtube.com/,2021-08-10,13:50:55,http://www.gnu.org/,/tools/archimedes,200,tool,archimedes
205.209.237.153,2021-08-10,13:45:21,https://www.youtube.com/,2021-08-16,13:15:40,https://nanohub.org/home,/resources/draft?step=1&type=1,302,tool,draft
205.209.237.153,2021-08-10,13:45:21,https://www.youtube.com/,2021-08-16,13:13:38,https://nanohub.org/resources/tools?view=taxonomy,/tools/spice3f4,200,tool,spice3f4
207.140.43.14,2021-08-24,23:07:15,https://www.youtube.com/,2021-08-30,11:05:01,https://nanohub.org/resources/6794,/resources/4826,200,tool,4826
207.140.43.14,2021-08-24,23:07:15,https://www.youtube.com/,2021-08-30,11:04:47,https://nanohub.org/resources/pcpbt/usage,/resources/pcpbt/about,200,tool,pcpbt
208.75.97.220,2021-08-01,20:33:11,https://www.youtube.com/,2021-08-07,19:09:13,https://www.google.com/,/resources/handsonpinns,200,tool,handsonpinns
210.75.253.176,2021-08-25,20:03:00,https://www.youtube.com/,2021-08-24,03:47:27,https://nanohub.org/resources/maml,/resources/34417/supportingdocs,200,tool,34417
210.75.253.176,2021-08-25,20:03:00,https://www.youtube.com/,2021-08-24,01:38:28,https://nanohub.org/resources/maml,/resources/license?tool=maml_r12&no_html=1,200,tool,license
210.75.253.176,2021-08-25,20:03:00,https://www.youtube.com/,2021-08-24,01:35:09,https://github.com/materialsvirtuallab/maml/blob/master/README.rst,/resources/maml,200,tool,maml
212.127.69.52,2021-08-18,06:25:06,https://www.youtube.com/,2021-08-18,06:25:06,https://www.youtube.com/,/tools/imagesegment,200,tool,imagesegment
217.10.52.10,2021-08-06,08:07:06,https://www.youtube.com/,2021-08-19,02:14:48,,/resources/padre,200,tool,padre
217.165.14.231,2021-08-22,23:04:20,https://accounts.google.com/CheckCookie?hl=ar&checkedDomains=youtube&checkConnection=youtube%3A856%3A0&flowName=GeneralOAuthFlow&client_id=80064560730.apps.googleusercontent.com&chtml=LoginDoneHtml&service=lso&continue=https%3A%2F%2Faccounts.google.com%2Fsignin%2Foauth%2Fconsent%3Fauthuser%3Dunknown%26part%3DAJi8hAPWpmbu2anLrspuO8Wp0vapuCoksVXyKFlYrkPIuGwPTpmRGIoEW5bWcM0EwKmA0_xhugXSq1EyoofSttoYbyUON8TUfCrMnKVWhGi5LFdf_54dadEFcnNFD1d2d8ROK4tRq6ILq5ktpxPcrYnwELVunxvr2o7xekSv5ecpkyZ0_RFwRdhL05o9F5PyjXLvQY_pyOCtnN4Feq1LkgTvPUN9VbPxhVjbEimWzmanyYr1ZF3pbgo83vU8F-w3cBUlrS5HY6QNgmeWZ6s94KuMcnNSPYzNjIFUK-PxLT7bA5XaZiIQN-SPWZxi_pqHzECCB7asvmefBWstpktmEsXQKRLEVAdf93iFBQ6nm9vaxMwAUVz30UbOREfkHOLeq6t6C_ACmrgrOPtfN4zvAbL9lV78N30J8A%26as%3DS2030787638%253A1629698605716210%26rapt%3DAEjHL4Ppg4E9qzl3UsQQt6-4bRky2YXUTBxay3g4HFV2ws_XGtt0HPjQ1jIVE1q2A2suRYFrXjsMHNu8vVAHkNALjJXSEdwG4w%23&gidl=EgIIAA,2021-08-22,23:04:20,https://accounts.google.com/CheckCookie?hl=ar&checkedDomains=youtube&checkConnection=youtube%3A856%3A0&flowName=GeneralOAuthFlow&client_id=80064560730.apps.googleusercontent.com&chtml=LoginDoneHtml&service=lso&continue=https%3A%2F%2Faccounts.google.com%2Fsignin%2Foauth%2Fconsent%3Fauthuser%3Dunknown%26part%3DAJi8hAPWpmbu2anLrspuO8Wp0vapuCoksVXyKFlYrkPIuGwPTpmRGIoEW5bWcM0EwKmA0_xhugXSq1EyoofSttoYbyUON8TUfCrMnKVWhGi5LFdf_54dadEFcnNFD1d2d8ROK4tRq6ILq5ktpxPcrYnwELVunxvr2o7xekSv5ecpkyZ0_RFwRdhL05o9F5PyjXLvQY_pyOCtnN4Feq1LkgTvPUN9VbPxhVjbEimWzmanyYr1ZF3pbgo83vU8F-w3cBUlrS5HY6QNgmeWZ6s94KuMcnNSPYzNjIFUK-PxLT7bA5XaZiIQN-SPWZxi_pqHzECCB7asvmefBWstpktmEsXQKRLEVAdf93iFBQ6nm9vaxMwAUVz30UbOREfkHOLeq6t6C_ACmrgrOPtfN4zvAbL9lV78N30J8A%26as%3DS2030787638%253A1629698605716210%26rapt%3DAEjHL4Ppg4E9qzl3UsQQt6-4bRky2YXUTBxay3g4HFV2ws_XGtt0HPjQ1jIVE1q2A2suRYFrXjsMHNu8vVAHkNALjJXSEdwG4w%23&gidl=EgIIAA,/resources/draft?step=1&type=9,200,tool,draft
218.248.6.147,2021-08-11,07:21:33,https://www.youtube.com/,2021-08-16,06:30:58,https://www.google.com/,/resources/229?rev=1,200,tool,229
218.248.6.147,2021-08-11,07:21:33,https://www.youtube.com/,2021-08-06,23:57:44,https://nanohub.org/resources/7516/usage,/resources/7516/supportingdocs,200,tool,7516
218.248.6.147,2021-08-11,07:21:33,https://www.youtube.com/,2021-08-16,06:32:54,https://nanohub.org/resources/pntoy,/resources/941/,200,tool,941
218.248.6.147,2021-08-11,07:21:33,https://www.youtube.com/,2021-08-06,23:58:19,https://nanohub.org/resources/7516/supportingdocs,/resources/memristor/about,200,tool,memristor
218.248.6.147,2021-08-11,07:21:33,https://www.youtube.com/,2021-08-29,04:13:01,https://www.google.com/,/resources/photonicsdb,200,tool,photonicsdb
218.248.6.147,2021-08-11,07:21:33,https://www.youtube.com/,2021-08-14,11:26:46,https://www.google.com/,/resources/photonicsrt,200,tool,photonicsrt
218.248.6.147,2021-08-11,07:21:33,https://www.youtube.com/,2021-08-16,06:30:57,https://www.google.com/,/resources/pntoy,200,tool,pntoy
219.74.123.4,2021-08-30,10:43:01,https://accounts.google.com/CheckCookie?hl=en-GB&checkedDomains=youtube&checkConnection=youtube%3A211%3A0&client_id=80064560730.apps.googleusercontent.com&chtml=LoginDoneHtml&service=lso&continue=https%3A%2F%2Faccounts.google.com%2Fsignin%2Foauth%2Fconsent%3Fauthuser%3Dunknown%26part%3DAJi8hANZDSCDSRlpWx7FTfR9HXwoc9BlTABmOqW8a2WaIg5PfBvEhgY48svC0R0E7drwfak_oUJ4vNrarcQeQqI4i4UgUIId503Pk1Ae483kRjudqcNNgxvwfBnrnf_8rfj6_BIo6e-APLtmbxyqKPjqBCb2Sx45A9zGhnGEgo_ohCStVToXGmsL96jSWxqVaa5Pf9yvdBpXMHvBizYQpmQv5yMZVWz9BztTipHMtcWXpVb3nDx4Lr0mGvNbnW1DKp1Zbx8FcbWEXZoNZYoWiFKSpGKRfd6rwZ4gzkbVS4fvAFsUSO5Cl8osBCcw00gL0NthjCXe3cKCRIuKlFVjSZhP5XQ6QJWX_UPIDfH21RQHKKN02VnLkVbAn8OWndDjNY_M4JWeu1GI3loANJnrZMwUpUEF2b89iA%26as%3DS1829632408%253A1630345367147802%26rapt%3DAEjHL4MLCwKpUHyIed3gwRm4TeBErjVgROar_odkU7_q1FiiiS11sYxCbXvI7HTV9gWb15EoAiVGZK5k1RiOQ9QET2jy7jgM2Q%23&gidl=EgIIAA,2021-08-30,10:42:30,https://www.google.com.sg/,/resources/handsonpinns,200,tool,handsonpinns
220.231.117.237,2021-08-10,02:04:34,https://www.youtube.com/,2021-08-10,02:12:47,,/resources/mastmltutorial/usage,200,tool,mastmltutorial
223.137.62.25,2021-08-05,02:53:25,https://www.youtube.com/,2021-08-06,09:45:54,,/tools/matdatarepo/,200,tool,matdatarepo
223.137.62.25,2021-08-05,02:53:25,https://www.youtube.com/,2021-08-06,09:43:59,https://nanohub.org/groups/ml,/tools/mseml,200,tool,mseml
223.137.62.25,2021-08-05,02:53:25,https://www.youtube.com/,2021-08-06,09:01:07,https://nanohub.org/groups/ml,/tools/tftutorials,200,tool,tftutorials
223.187.242.111,2021-08-04,10:03:16,https://www.youtube.com/,2021-08-04,10:04:47,https://nanohub.org/groups/ml/workshopabstracts,/tools/intromllab,200,tool,intromllab
24.116.109.209,2021-08-29,10:19:21,https://accounts.youtube.com/,2021-08-18,19:31:10,,/resources/3842,200,tool,3842
24.116.109.209,2021-08-29,10:19:21,https://accounts.youtube.com/,2021-08-18,19:40:28,https://nanohub.org/members/335361/dashboard,/tools/ucb_compnano,200,tool,ucb_compnano
24.160.99.46,2021-08-14,07:07:36,https://accounts.youtube.com/accounts/SetSID,2021-08-12,19:02:50,https://nanohub.org/members/295028/dashboard,/tools/jupyter/invoke/9,302,tool,jupyter
27.7.103.9,2021-08-16,11:27:11,https://www.youtube.com/,2021-08-16,12:03:12,https://nanohub.org/tools/rtd/invoke/25,/tools/abacus_r36/stop?sess=1875893,302,tool,abacus_r36
27.7.103.9,2021-08-16,11:27:11,https://www.youtube.com/,2021-08-16,10:26:37,,/tools/abacus/session?sess=1875893,302,tool,abacus
27.7.103.9,2021-08-16,11:27:11,https://www.youtube.com/,2021-08-16,10:40:39,https://accounts.google.com/,/tools/cntfet/session?sess=1875899,200,tool,cntfet
27.7.103.9,2021-08-16,11:27:11,https://www.youtube.com/,2021-08-16,10:40:21,https://accounts.google.com/,/tools/coulombsim/session?sess=1875900,200,tool,coulombsim
27.7.103.9,2021-08-16,11:27:11,https://www.youtube.com/,2021-08-16,11:56:51,https://nanohub.org/resources/tools,/tools/rtd/invoke/25,200,tool,rtd
35.187.132.238,2021-08-11,02:05:11,https://accounts.youtube.com/,2021-08-11,02:08:34,https://nanohub.org/tools/molctoy,/tools/molctoy/session?sess=1874819,200,tool,molctoy
35.187.132.240,2021-08-11,02:05:13,https://accounts.youtube.com/,2021-08-11,02:09:05,https://nanohub.org/tools/molctoy,/resources/molctoy/usage,200,tool,molctoy
35.187.132.240,2021-08-11,02:05:13,https://accounts.youtube.com/,2021-08-20,19:27:01,,/resources/omenwire/usage?period=1&dthis=2012-11,200,tool,omenwire
37.4.251.182,2021-08-09,10:47:16,https://www.youtube.com/watch?v=-EfHbtnI25g,2021-08-09,10:47:16,https://www.youtube.com/watch?v=-EfHbtnI25g,/tools/mldefect,200,tool,mldefect
3.95.193.118,2021-08-17,05:57:48,https://nanohub.org/core/modules/mod_youtube/assets/css/mod_youtube.css?v=1557065742,2021-08-17,05:42:03,https://www.nanohub.org/tools/oof2/,/tools/oof2/,200,tool,oof2
3.95.193.118,2021-08-17,05:57:48,https://nanohub.org/core/modules/mod_youtube/assets/css/mod_youtube.css?v=1557065742,2021-08-17,05:42:09,https://www.nanohub.org/tools/vkmlggs/,/tools/vkmlggs/,200,tool,vkmlggs
3.95.193.118,2021-08-17,05:57:48,https://nanohub.org/core/modules/mod_youtube/assets/css/mod_youtube.css?v=1557065742,2021-08-17,05:42:06,https://www.nanohub.org/tools/vkmlpsgg/,/tools/vkmlpsgg/,200,tool,vkmlpsgg
3.95.193.118,2021-08-17,05:57:48,https://nanohub.org/core/modules/mod_youtube/assets/css/mod_youtube.css?v=1557065742,2021-08-17,05:42:13,https://www.nanohub.org/tools/vkmlsd/,/tools/vkmlsd/,200,tool,vkmlsd
3.95.193.118,2021-08-17,05:57:48,https://nanohub.org/core/modules/mod_youtube/assets/css/mod_youtube.css?v=1557065742,2021-08-17,05:42:15,https://www.nanohub.org/tools/vkmlsd3d/,/tools/vkmlsd3d/,200,tool,vkmlsd3d
41.105.112.82,2021-08-18,12:32:54,https://www.youtube.com/,2021-08-18,12:32:54,https://www.youtube.com/,/resources/agpvsim,200,tool,agpvsim
41.105.57.95,2021-08-17,03:57:07,https://www.youtube.com/,2021-08-17,03:15:16,https://www.youtube.com/,/resources/agpvsim,200,tool,agpvsim
41.105.57.95,2021-08-17,03:57:07,https://www.youtube.com/,2021-08-17,03:50:49,https://nanohub.org/tools/1dfdmht/wiki,/tools/1dfdmht/chrome/common/css/code.css,200,tool,1dfdmht
41.105.57.95,2021-08-17,03:57:07,https://www.youtube.com/,2021-08-17,03:50:26,https://nanohub.org/resources/35041,/tools,200,tool,
41.105.57.95,2021-08-17,03:57:07,https://www.youtube.com/,2021-08-17,03:53:47,https://nanohub.org/tools/gas/chrome/common/css/wiki.css,/tools/gas/chrome/common/css/code.css,200,tool,gas
41.105.57.95,2021-08-17,03:57:07,https://www.youtube.com/,2021-08-17,03:50:50,https://nanohub.org/tools/1dfdmht/wiki,/tools/images/forge.png,200,tool,images
41.105.57.95,2021-08-17,03:57:07,https://www.youtube.com/,2021-08-17,03:55:49,https://nanohub.org/tools/lcoe/wiki,/tools/lcoe/chrome/common/css/code.css,200,tool,lcoe
41.108.228.241,2021-08-23,22:26:42,https://www.youtube.com/,2021-08-23,22:42:35,https://nanohub.org/resources/tools,/resources/mseml,200,tool,mseml
41.108.228.241,2021-08-23,22:26:42,https://www.youtube.com/,2021-08-23,22:37:44,https://nanohub.org/resources/tools,/resources/nanoindentation,200,tool,nanoindentation
41.108.228.241,2021-08-23,22:26:42,https://www.youtube.com/,2021-08-23,22:31:11,https://nanohub.org/resources/tools,/tools/imod/invoke/19,302,tool,imod
41.108.228.241,2021-08-23,22:26:42,https://www.youtube.com/,2021-08-23,22:26:35,https://www.youtube.com/,/tools/intromllab,200,tool,intromllab
41.108.228.241,2021-08-23,22:26:42,https://www.youtube.com/,2021-08-23,22:26:42,https://www.youtube.com/,/tools/jupyter,200,tool,jupyter
42.111.10.232,2021-08-22,08:41:24,https://www.youtube.com/,2021-08-21,10:31:46,https://www.google.com/,/resources/2704/usage,200,tool,2704
42.111.18.71,2021-08-23,00:10:35,https://www.youtube.com/,2021-08-23,00:03:06,https://www.google.com/,/resources/cntfet,200,tool,cntfet
43.224.109.78,2021-08-14,00:29:21,https://www.youtube.com/,2021-08-14,00:29:21,https://www.youtube.com/,/tools/nanomatmech/,200,tool,nanomatmech
45.10.128.153,2021-08-11,14:36:29,https://www.youtube.com/,2021-08-11,14:36:29,https://www.youtube.com/,/tools/imagesegment,200,tool,imagesegment
45.22.130.177,2021-08-27,20:40:17,https://accounts.youtube.com/,2021-08-16,11:17:49,https://www.google.com/,/resources/abacus,200,tool,abacus
45.22.130.177,2021-08-27,20:40:17,https://accounts.youtube.com/,2021-08-25,20:10:28,https://nanohub.org/tags/oommf,/resources/oommf,200,tool,oommf
45.248.151.203,2021-08-30,05:49:55,https://www.youtube.com/,2021-08-29,07:15:18,https://www.google.com/,/resources/browse?search=&sortby=ranking&type=9&tag=&limit=100&limitstart=20,200,tool,browse
45.248.151.203,2021-08-30,05:49:55,https://www.youtube.com/,2021-08-29,23:29:44,https://www.google.com/,/resources/nanomos,200,tool,nanomos
45.248.151.203,2021-08-30,05:49:55,https://www.youtube.com/,2021-08-30,10:09:58,https://nanohub.org/groups/supriyodatta/books,/resources/octaview,200,tool,octaview
45.248.151.203,2021-08-30,05:49:55,https://www.youtube.com/,2021-08-29,14:15:05,https://nanohub.org/topics/negf,/resources/rtdnegf,200,tool,rtdnegf
46.105.189.68,2021-08-16,10:56:49,https://www.youtube.com/,2021-08-16,11:16:44,https://nanohub.org/,/resources/25055?rev=2,200,tool,25055
46.105.189.68,2021-08-16,10:56:49,https://www.youtube.com/,2021-08-16,10:55:52,https://www.google.com/,/resources/browse?search=&sortby=date&tag=&type=&limit=1000&limitstart=160,200,tool,browse
46.105.189.68,2021-08-16,10:56:49,https://www.youtube.com/,2021-08-16,11:24:45,https://nanohub.org/resources/downloads,/resources/draft?step=1&type=9,200,tool,draft
46.105.189.68,2021-08-16,10:56:49,https://www.youtube.com/,2021-08-16,10:40:42,https://www.google.com/,/resources/handsonpinns,200,tool,handsonpinns
46.105.189.68,2021-08-16,10:56:49,https://www.youtube.com/,2021-08-16,10:47:49,https://www.google.com/,/resources/jupyter,200,tool,jupyter
46.1.132.199,2021-08-05,00:24:23,https://www.youtube.com/,2021-08-05,00:24:23,https://www.youtube.com/,/tools/intromllab,200,tool,intromllab
46.193.4.236,2021-08-14,14:00:21,https://www.youtube.com/,2021-08-15,14:16:26,https://www.google.com/,/resources/pntoy,200,tool,pntoy
46.239.108.212,2021-08-03,01:25:33,https://www.youtube.com/,2021-08-03,01:22:55,https://nanohub.org/tools/handsonpinns,/resources/handsonpinns/supportingdocs,200,tool,handsonpinns
47.185.200.18,2021-08-02,08:47:25,https://accounts.youtube.com/,2021-08-02,08:38:57,https://nanohub.org/members/myaccount,/tools/bacmacrocc3d4,200,tool,bacmacrocc3d4
47.185.200.18,2021-08-02,08:47:25,https://accounts.youtube.com/,2021-08-02,08:52:03,https://nanohub.org/members/331173/dashboard,/tools/cc3dbase4x,200,tool,cc3dbase4x
47.185.200.18,2021-08-02,08:47:25,https://accounts.youtube.com/,2021-08-02,09:26:29,https://nanohub.org/tools/cc3dbase4x/invoke/12,/tools/cc3dbase4x_r12/stop?sess=1871254,302,tool,cc3dbase4x_r12
47.222.228.8,2021-08-03,10:37:17,https://accounts.youtube.com/,2021-08-03,10:16:37,,/tools/cc3dcovid19,200,tool,cc3dcovid19
50.195.37.9,2021-08-03,06:37:12,https://accounts.youtube.com/,2021-08-02,11:29:53,https://nanohub.org/developsoftware,/resources/databases,200,tool,databases
50.195.37.9,2021-08-03,06:37:12,https://accounts.youtube.com/,2021-08-06,07:12:50,https://nanohub.org/tools/mseml,/resources/mseml/supportingdocs,200,tool,mseml
51.252.107.253,2021-08-18,18:52:07,https://www.youtube.com/,2021-08-18,19:02:23,https://nanohub.org/tools/mseml,/resources/29432/supportingdocs,200,tool,29432
51.252.107.253,2021-08-18,18:52:07,https://www.youtube.com/,2021-08-18,19:03:21,https://nanohub.org/resources/29432/supportingdocs,/resources/mseml/reviews,200,tool,mseml
5.149.255.29,2021-08-16,12:48:26,https://www.youtube.com/,2021-08-16,12:23:20,https://nanohub.org/,/resources/25055,200,tool,25055
5.149.255.29,2021-08-16,12:48:26,https://www.youtube.com/,2021-08-16,12:50:22,https://www.google.com/,/resources/handsonpinns,200,tool,handsonpinns
5.149.255.29,2021-08-16,12:48:26,https://www.youtube.com/,2021-08-16,12:50:27,https://www.google.com/,/tools,200,tool,
5.149.255.29,2021-08-16,12:48:26,https://www.youtube.com/,2021-08-16,12:23:25,https://nanohub.org/resources/25055,/tools/jupyter/invoke/9,302,tool,jupyter
66.24.166.155,2021-08-02,09:01:49,https://accounts.youtube.com/,2021-08-02,07:54:42,,/tools/cc3dbase4x,200,tool,cc3dbase4x
66.24.166.155,2021-08-02,09:01:49,https://accounts.youtube.com/,2021-08-03,10:13:21,,/tools/cc3dcovid19,200,tool,cc3dcovid19
66.24.166.155,2021-08-02,09:01:49,https://accounts.youtube.com/,2021-08-02,09:21:31,https://nanohub.org/members/myaccount,/tools/jupyter,200,tool,jupyter
66.24.166.155,2021-08-02,09:01:49,https://accounts.youtube.com/,2021-08-01,07:40:17,,/tools/tellurium,200,tool,tellurium
67.185.6.21,2021-08-25,11:56:34,https://accounts.youtube.com/,2021-08-25,11:55:55,,/resources/3842,200,tool,3842
67.185.6.21,2021-08-25,11:56:34,https://accounts.youtube.com/,2021-08-25,11:56:34,https://accounts.youtube.com/,/tools/ucb_compnano/invoke/845,200,tool,ucb_compnano
67.22.20.162,2021-08-01,04:33:03,https://www.youtube.com/,2021-08-01,04:33:34,https://nanohub.org/tools/citrinednn,/tools/citrinednn,200,tool,citrinednn
67.70.67.73,2021-08-09,14:02:24,https://www.youtube.com/,2021-08-09,14:02:48,https://nanohub.org/tools/citrinetools,/resources/citrinetools/usage,200,tool,citrinetools
68.231.189.148,2021-08-18,14:47:36,https://www.youtube.com/,2021-08-18,15:12:29,,/tools/mpb,200,tool,mpb
68.39.156.84,2021-08-28,19:37:43,https://www.youtube.com/,2021-08-24,17:21:43,https://nanohub.org/,/resources/draft?step=1&type=1,302,tool,draft
68.39.156.84,2021-08-28,19:37:43,https://www.youtube.com/,2021-08-24,16:59:21,,/tools/crystal_viewer,200,tool,crystal_viewer
68.55.68.101,2021-08-27,20:11:19,https://www.youtube.com/,2021-08-27,20:14:31,,/tools/handsonpinns,200,tool,handsonpinns
69.43.66.31,2021-08-03,07:17:45,https://accounts.youtube.com/,2021-08-06,07:11:18,https://nanohub.org/search?terms=Machine+learning+for+materials+science,/resources/mseml,200,tool,mseml
70.113.42.106,2021-08-11,13:13:10,https://www.youtube.com/,2021-08-11,13:26:40,https://nanohub.org/tools/handsonpinns,/resources/handsonpinns/supportingdocs,200,tool,handsonpinns
70.171.226.21,2021-08-11,13:03:43,https://www.youtube.com/,2021-08-11,12:48:11,https://nanohub.org/search/?terms=crystal+viewer+abacus&section=content&type=&limit=20&limitstart=0,/resources/abacus,200,tool,abacus
70.171.226.21,2021-08-11,13:03:43,https://www.youtube.com/,2021-08-11,14:38:51,https://nanohub.org/tools/acute,/resources/acute/questions?action=new,200,tool,acute
70.171.226.21,2021-08-11,13:03:43,https://www.youtube.com/,2021-08-11,13:06:55,https://nanohub.org/,/resources/draft?step=1&type=39,200,tool,draft
70.171.226.21,2021-08-11,13:03:43,https://www.youtube.com/,2021-08-11,12:42:25,https://nanohub.org/search?terms=bandstructure+lab,/resources/kronigpenneylab,200,tool,kronigpenneylab
70.171.226.21,2021-08-11,13:03:43,https://www.youtube.com/,2021-08-11,13:07:27,https://nanohub.org/groups/tools/material_science,/resources/mseml,200,tool,mseml
70.171.226.21,2021-08-11,13:03:43,https://www.youtube.com/,2021-08-23,22:17:20,https://nanohub.org/search?terms=piece-wise+potential+barrier+tool,/resources/pcpbt,200,tool,pcpbt
70.171.226.21,2021-08-11,13:03:43,https://www.youtube.com/,2021-08-11,12:48:37,https://nanohub.org/tools/abacus/session?sess=1874993,/tools/crystalviewer/invoke,302,tool,crystalviewer
72.203.206.2,2021-08-19,15:54:30,https://accounts.youtube.com/,2021-08-25,19:18:22,https://www.google.com/,/tools/matdatarepo,200,tool,matdatarepo
72.203.206.2,2021-08-19,15:54:30,https://accounts.youtube.com/,2021-08-25,19:30:48,https://nanohub.org/tools/matdatarepo/invoke/17,/tools/matdatarepo_r17/stop?sess=1879151,302,tool,matdatarepo_r17
72.210.59.13,2021-08-21,12:39:32,https://accounts.youtube.com/,2021-08-21,12:37:23,https://www.google.com/,/resources/bandstrlab,200,tool,bandstrlab
72.219.69.15,2021-08-12,21:23:36,https://www.youtube.com/,2021-08-15,15:31:30,https://nanohub.org/resources/intromllab/usage,/resources/intromllab/citations,200,tool,intromllab
72.219.69.15,2021-08-12,21:23:36,https://www.youtube.com/,2021-08-12,21:23:36,https://www.youtube.com/,/tools/jupyter,200,tool,jupyter
72.219.69.15,2021-08-12,21:23:36,https://www.youtube.com/,2021-08-15,16:47:10,https://accounts.google.com/,/tools/mseml/invoke/49,200,tool,mseml
72.80.242.131,2021-08-05,17:16:25,https://www.youtube.com/,2021-08-05,17:16:25,https://www.youtube.com/,/tools/rjupyternb,200,tool,rjupyternb
73.103.26.131,2021-08-10,13:48:08,https://www.youtube.com/,2021-08-10,09:14:26,,/tools/dftexplorer/,200,tool,dftexplorer
73.103.26.131,2021-08-10,13:48:08,https://www.youtube.com/,2021-08-10,14:16:32,,/tools/dftmatprop,200,tool,dftmatprop
73.103.26.131,2021-08-10,13:48:08,https://www.youtube.com/,2021-08-10,10:05:05,,/tools/dftqe,200,tool,dftqe
73.103.26.131,2021-08-10,13:48:08,https://www.youtube.com/,2021-08-10,09:19:22,,/tools/dftqeexplorer/,200,tool,dftqeexplorer
73.103.26.131,2021-08-10,13:48:08,https://www.youtube.com/,2021-08-06,11:38:33,https://nanohub.org/members/myaccount,/tools/jupyter,200,tool,jupyter
73.103.26.131,2021-08-10,13:48:08,https://www.youtube.com/,2021-08-10,11:31:03,https://nanohub.org/members/207041/dashboard,/tools/jupytergpu/stop?sess=1874322,302,tool,jupytergpu
73.103.26.131,2021-08-10,13:48:08,https://www.youtube.com/,2021-08-10,09:19:29,,/tools/nanomatexplorer/status,200,tool,nanomatexplorer
73.103.26.131,2021-08-10,13:48:08,https://www.youtube.com/,2021-08-10,10:05:45,,/tools/nanomatmech,200,tool,nanomatmech
73.15.33.211,2021-08-10,17:14:23,https://accounts.youtube.com/,2021-08-10,17:10:23,https://www.google.com/,/resources/rdf,200,tool,rdf
73.154.246.24,2021-08-25,14:47:47,https://www.youtube.com/,2021-08-25,11:31:35,https://www.google.com/,/resources/struc2lammpsdf,200,tool,struc2lammpsdf
73.154.246.24,2021-08-25,14:47:47,https://www.youtube.com/,2021-08-25,14:55:11,,/tools/introMLLab,200,tool,introMLLab
73.154.246.24,2021-08-25,14:47:47,https://www.youtube.com/,2021-08-25,14:47:47,https://www.youtube.com/,/tools/jupyter,200,tool,jupyter
73.209.158.201,2021-08-07,09:22:14,https://www.youtube.com/,2021-08-07,09:20:52,https://nanohub.org/tools/handsonpinns,/resources/handsonpinns/supportingdocs,200,tool,handsonpinns
73.240.39.83,2021-08-30,19:26:28,https://accounts.youtube.com/,2021-08-29,15:56:17,https://www.google.com/,/resources/10913,200,tool,10913
73.240.39.83,2021-08-30,19:26:28,https://accounts.youtube.com/,2021-08-29,16:06:52,https://nanohub.org/resources/adeptnpt/usage,/resources/adeptnpt/citations,200,tool,adeptnpt
73.240.39.83,2021-08-30,19:26:28,https://accounts.youtube.com/,2021-08-30,23:31:55,https://nanohub.org/resources/tools,/tools/1dhetero/invoke/742,302,tool,1dhetero
73.58.30.170,2021-08-12,19:54:28,https://www.youtube.com/,2021-08-12,19:54:15,https://www.youtube.com/,/tools/maml,200,tool,maml
75.67.131.248,2021-08-06,06:34:28,https://accounts.google.com/CheckCookie?hl=en&checkedDomains=youtube&checkConnection=youtube%3A433%3A0&client_id=80064560730.apps.googleusercontent.com&chtml=LoginDoneHtml&service=lso&continue=https%3A%2F%2Faccounts.google.com%2Fsignin%2Foauth%2Fconsent%3Fauthuser%3Dunknown%26part%3DAJi8hAMyFxvi4z2sVDls3FC2YJ6L6dK1NKTNxDAwEo0F4kHWQdfqvJLH05BiupSDXk_H2NQotMC7FNlzePcHfZFbhqNvUqXZDO89QDAlHt4PT9h9ZxCCPnGKyKLlWtPXC6JNIzHpV2s4HrWh0UgRFmhMNvH7kpn78NOpf3fT_ZRhe9p5iPfipAVAq8LnIplM_iKsxOPHUF8nvys-lYUFGMUqXnyGT6R2PZ58T4dOOejjVv1VeU93CJsmlcP2knGYaDA6dtd7nMbBqwx3gtzissc_AVjbXvQCqNUxQcC3EUNraQesIsigtvLZ2_DMXCHZ6LN8UsI0IpowETRHON2SVsQ4kcACmZZhrPFAw-i2qWIERjpcW7hYFQi1fCy6Gmculy2UXt9l3SvTNzIh-k8YjU4_v7QWdmMxzQ%26as%3DS-1224488759%253A1628256843528901%26rapt%3DAEjHL4OR_RDC8IINB8bpPzsO5w8TlYcEVeWNHp7bRYUDs7ksHuCNNP8vZ9JH-VrgGA5bFbesLyzX0blb1Je8w36ZKke9YyjciA%23&gidl=EgIIAA,2021-08-06,07:10:06,,/tools/mseml/,200,tool,mseml
77.245.35.206,2021-08-10,02:47:18,https://www.youtube.com/,2021-08-10,02:47:18,https://www.youtube.com/,/tools/extcs,200,tool,extcs
81.164.142.53,2021-08-24,08:06:35,https://www.youtube.com/,2021-08-24,08:11:04,https://nanohub.org/resources/handsonpinns/usage,/resources/handsonpinns/supportingdocs,200,tool,handsonpinns
82.1.35.214,2021-08-19,02:31:51,https://www.youtube.com/,2021-08-20,01:09:06,,/resources/handsonpinns,200,tool,handsonpinns
82.20.197.21,2021-08-30,07:38:57,https://www.youtube.com/,2021-08-30,07:38:57,https://www.youtube.com/,/tools/imagesegment,200,tool,imagesegment
82.5.236.236,2021-08-02,12:11:18,https://www.youtube.com/,2021-08-02,12:07:27,https://www.youtube.com/,/tools/intromllab,200,tool,intromllab
83.110.108.25,2021-08-26,08:38:15,https://www.youtube.com/,2021-08-26,08:19:37,https://www.google.com/,/resources/oommf,200,tool,oommf
83.110.108.25,2021-08-26,08:38:15,https://www.youtube.com/,2021-08-18,03:10:05,https://nanohub.org/tools/bowtie/session?sess=1876669,/tools/bowtie/stop?sess=1876669,302,tool,bowtie
83.110.108.25,2021-08-26,08:38:15,https://www.youtube.com/,2021-08-18,03:10:12,https://nanohub.org/tools/partsub/invoke/98,/tools/nmst_dft_r96/stop?sess=1876665,302,tool,nmst_dft_r96
83.110.108.25,2021-08-26,08:38:15,https://www.youtube.com/,2021-08-18,03:10:01,https://nanohub.org/resources/tools,/tools/partsub/invoke/98,200,tool,partsub
83.254.12.142,2021-08-09,02:00:53,https://www.youtube.com/,2021-08-09,02:01:04,https://nanohub.org/tools/jupyter,/resources/jupyter/usage,200,tool,jupyter
83.254.12.142,2021-08-09,02:00:53,https://www.youtube.com/,2021-08-09,01:57:12,https://www.youtube.com/,/tools/intromllab,200,tool,intromllab
83.4.106.89,2021-08-28,07:04:20,https://www.youtube.com/,2021-08-28,07:02:29,https://nanohub.org/tools/intromllab,/resources/intromllab/usage,200,tool,intromllab
83.4.106.89,2021-08-28,07:04:20,https://www.youtube.com/,2021-08-27,07:08:54,https://www.google.com.au/,/resources/mseml,200,tool,mseml
83.4.106.89,2021-08-28,07:04:20,https://www.youtube.com/,2021-08-28,07:01:15,https://www.youtube.com/,/tools/jupyter,200,tool,jupyter
8.36.63.40,2021-08-26,10:50:14,https://www.youtube.com/,2021-08-06,07:25:27,https://nanohub.org/groups/photonics/apps,/resources/phcband,200,tool,phcband
8.36.63.40,2021-08-26,10:50:14,https://www.youtube.com/,2021-08-09,08:33:49,https://www.google.com/,/resources/struc2lammpsdf,200,tool,struc2lammpsdf
83.84.22.217,2021-08-24,06:51:36,https://www.youtube.com/,2021-08-24,07:01:41,https://www.google.com/,/resources/mseml,200,tool,mseml
83.84.22.217,2021-08-24,06:51:36,https://www.youtube.com/,2021-08-24,06:51:36,https://www.youtube.com/,/tools/intromllab,200,tool,intromllab
89.214.210.57,2021-08-06,06:52:56,https://www.youtube.com/,2021-08-06,05:19:27,https://www.google.com/,/resources/handsonpinns,200,tool,handsonpinns
92.196.177.134,2021-08-09,05:03:42,https://www.youtube.com/,2021-08-09,05:13:46,https://www.google.com/,/resources/5359/?rev=84,200,tool,5359
92.196.177.134,2021-08-09,05:03:42,https://www.youtube.com/,2021-08-09,05:14:23,https://nanohub.org/resources/omenwire/versions,/resources/omenwire/about,200,tool,omenwire
93.169.182.163,2021-08-01,18:02:44,https://accounts.google.com/CheckCookie?hl=ar&checkedDomains=youtube&checkConnection=youtube%3A821%3A0&client_id=80064560730.apps.googleusercontent.com&chtml=LoginDoneHtml&service=lso&continue=https%3A%2F%2Faccounts.google.com%2Fsignin%2Foauth%2Fconsent%3Fauthuser%3Dunknown%26part%3DAJi8hAM22mbTEMLwfQ7h-mtLY8wm8J_ehZCkV1nZgib8Wjpdif8djbWkyhIbszwpSBmXP1NQ_z4mnncZpAJHv03l1mmmSRW3JsEHVHR87UPiVXtfX8zqjMIULkkM9QDQMYarIRKhrthtFNuU0NWoGMXOOZFMBO8FLVHUatejt3QJS0IlFeW5Rj8x27MYSlyD01czEpYVBOouQ5YToirratUvmydu70iyZx5a_gvQM0rx6EHRxQCAV_6-kfhJqsCh7Lu-43Hh_3Fi8vhcD8NLSjwc5BM-E6heUdczei3a3jnjpZZjKtwkS1pJYOEIEBw-CjxjSPZSw0BuDQWaJqDaP1ENSKarY9bEokQ_vOcDt0JDG6Tot4hDaLwr52CM2aiTJ388nE1gzE-pnyy9RWpAWn0o7pmZWhhrKw%26as%3DS1242269003%253A1627866144462540%26rapt%3DAEjHL4NFImBMELxSNG9WdjHcnmA49Q5nEyi2aNqDINU-9ng81u1DUT_NtPohxD2uBQA04GUnTsB-4bEX1j_eKA7RjcFoKNZYxA%23&gidl=EgIIAA,2021-08-01,18:02:46,https://accounts.google.com/,/resources/draft?step=1&type=9,200,tool,draft
94.112.206.187,2021-08-01,11:02:57,https://www.youtube.com/,2021-08-08,00:40:18,https://nanohub.org/resources/courses,/tools/abacus,200,tool,abacus
94.112.206.187,2021-08-01,11:02:57,https://www.youtube.com/,2021-08-04,09:53:31,https://nanohub.org//,/tools/jupyter,200,tool,jupyter
94.128.204.251,2021-08-01,00:30:30,https://accounts.google.com/CheckCookie?hl=ar&checkedDomains=youtube&checkConnection=youtube%3A734%3A0&client_id=80064560730.apps.googleusercontent.com&chtml=LoginDoneHtml&service=lso&continue=https%3A%2F%2Faccounts.google.com%2Fsignin%2Foauth%2Fconsent%3Fauthuser%3Dunknown%26part%3DAJi8hAN0j7dM-lE0gQmB0C5oGoQMeNDub0aKtKMglVJ9P3tBW5L14uQ-fdk-qoqosWQlqE2mnOQ-Y5szO_-Tu31UIqrr79uIXsDKddJUbbo2xr3IlahGIP3_X9PmPaaGoZYG5CLPV_OZRLS865WsIwVhhw9wKc4NGZN-6xA8dlPsr9-bYp-HUxaFeZPkTnlleS1R_e4TClkqPBKEFyAPCz3hs9xKmkl7eTzXsHu660xLHRPMlDsjPr81PzvzXyOwfN5zISB-H_DTtgU8uAOzHXlhOiSE9Jati_7yz-AJgznm8GHY2YmhckTOuZAuqq_k-AMaZCYmFd-_LguIAOlJmgXa5F8W3vyXU44xrOUj_1lDd9shC0TiS6hMCp1Vj4wAPoVan6dPPs5uHNeZiccz6ia40ZVyc6gTSQ%26as%3DS1828718602%253A1627803017023074%26rapt%3DAEjHL4NVmfakzpmHRg0dHGAr6lo7Twy6BL2tvn7gRjYcslbBsMIhTsGbR19ChhhT3xP6Hz1PvFrjXThpfKSj89cn0r3j85inxw%23&gidl=EgIIAA,2021-08-01,00:37:46,https://nanohub.org/search?terms=Cylindrical+CNT+MOSFET+Simulator,/resources/moscntr,200,tool,moscntr
94.55.174.71,2021-08-03,04:20:22,https://www.youtube.com/,2021-08-03,04:20:22,https://www.youtube.com/,/tools/imagesegment,200,tool,imagesegment
95.70.128.88,2021-08-24,13:23:51,https://www.youtube.com/,2021-08-25,00:38:25,https://proxy.nanohub.org/,/resources/jupyter,200,tool,jupyter
95.70.128.88,2021-08-24,13:23:51,https://www.youtube.com/,2021-08-24,13:43:02,https://nanohub.org/members/334101/dashboard,/tools/intromllab,200,tool,intromllab
95.70.129.180,2021-08-28,13:21:12,https://www.youtube.com/,2021-08-29,06:42:28,https://www.google.com.tr/,/resources/intromllab,200,tool,intromllab
95.70.129.180,2021-08-28,13:21:12,https://www.youtube.com/,2021-08-28,13:23:26,https://proxy.nanohub.org/,/tools/anonymous/stop?sess=1881075,302,tool,anonymous
95.70.129.180,2021-08-28,13:21:12,https://www.youtube.com/,2021-08-28,13:21:12,https://www.youtube.com/,/tools/jupyter,200,tool,jupyter
96.19.203.141,2021-08-24,22:47:10,https://accounts.youtube.com/,2021-08-29,14:28:39,https://nanohub.org/members/335000/dashboard,/tools/ucb_compnano,200,tool,ucb_compnano
97.98.243.58,2021-08-30,14:44:22,https://www.youtube.com/,2021-08-30,14:44:22,https://www.youtube.com/,/tools/nanomatmech,200,tool,nanomatmech
98.223.100.0,2021-08-24,14:04:16,https://www.youtube.com/,2021-08-26,16:07:15,https://nanohub.org/members/55200/usage,/resources/11406,200,tool,11406
98.223.100.0,2021-08-24,14:04:16,https://www.youtube.com/,2021-08-26,16:07:22,https://nanohub.org/members/55200/usage,/resources/22758,200,tool,22758
98.223.100.0,2021-08-24,14:04:16,https://www.youtube.com/,2021-08-26,13:11:51,https://nanohub.org/,/resources/29432?rev=27,200,tool,29432
98.223.100.0,2021-08-24,14:04:16,https://www.youtube.com/,2021-08-27,12:16:12,https://nanohub.org/members/288471/usage,/resources/33852,200,tool,33852
98.223.100.0,2021-08-24,14:04:16,https://www.youtube.com/,2021-08-21,14:37:33,https://nanohub.org/members/293484/usage,/resources/34280,200,tool,34280
98.223.100.0,2021-08-24,14:04:16,https://www.youtube.com/,2021-08-26,15:08:27,https://nanohub.org/members/279584/usage,/resources/35191,200,tool,35191
98.223.100.0,2021-08-24,14:04:16,https://www.youtube.com/,2021-08-30,18:03:22,,/resources/450,200,tool,450
98.223.100.0,2021-08-24,14:04:16,https://www.youtube.com/,2021-08-26,14:54:45,https://nanohub.org/whatsnew/resources:month,/resources/chm37301,200,tool,chm37301
98.223.100.0,2021-08-24,14:04:16,https://www.youtube.com/,2021-08-22,07:43:29,https://nanohub.org/resources/new,/resources/draft,200,tool,draft
98.223.100.0,2021-08-24,14:04:16,https://www.youtube.com/,2021-08-22,11:04:43,https://nanohub.org/tools/gitlocaltool,/resources/gitlocaltool/download/TetrahedralMolecule.png,200,tool,gitlocaltool
98.223.100.0,2021-08-24,14:04:16,https://www.youtube.com/,2021-08-28,13:27:25,https://nanohub.org/members/73732/contributions,/resources/gnor,200,tool,gnor
98.223.100.0,2021-08-24,14:04:16,https://www.youtube.com/,2021-08-21,14:37:48,https://nanohub.org/resources/34280,/resources/matlabrad/usage,200,tool,matlabrad
98.223.100.0,2021-08-24,14:04:16,https://www.youtube.com/,2021-08-26,14:45:48,https://nanohub.org/whatsnew/resources:month,/resources/mdsandbox,200,tool,mdsandbox
98.223.100.0,2021-08-24,14:04:16,https://www.youtube.com/,2021-08-26,14:20:22,https://nanohub.org/members/29294/activity?q=watching&scope=&created_by=me&limit=20&limitstart=0,/resources/mseml,200,tool,mseml
98.223.100.0,2021-08-24,14:04:16,https://www.youtube.com/,2021-08-22,07:43:25,https://nanohub.org/publish,/resources/new,200,tool,new
98.223.100.0,2021-08-24,14:04:16,https://www.youtube.com/,2021-08-31,11:50:54,https://nanohub.org/index.php?option=com_resources&controller=attachments&id=35249&tmpl=component&hideform=1&t=1,/resources/reorder/35417?controller=attachments&tmpl=component&pid=35249&move=up&hideform=1,200,tool,reorder
98.223.100.0,2021-08-24,14:04:16,https://www.youtube.com/,2021-08-22,11:55:27,https://nanohub.org/tools/struc2lammpsdf,/resources/struc2lammpsdf/questions,200,tool,struc2lammpsdf
98.223.100.0,2021-08-24,14:04:16,https://www.youtube.com/,2021-08-30,11:19:25,https://www.google.com/,/resources/tcacademic/usage,200,tool,tcacademic
98.223.100.0,2021-08-24,14:04:16,https://www.youtube.com/,2021-08-30,13:12:52,https://proxy.nanohub.org/,/tools/anonymous/stop?sess=1881939,302,tool,anonymous
98.223.100.0,2021-08-24,14:04:16,https://www.youtube.com/,2021-08-20,10:00:42,https://nanohub.org/tools/blockchain/wiki,/tools/blockchain/browser,200,tool,blockchain
98.223.100.0,2021-08-24,14:04:16,https://www.youtube.com/,2021-08-22,07:43:31,https://nanohub.org/resources/draft,/tools/create,200,tool,create
98.223.100.0,2021-08-24,14:04:16,https://www.youtube.com/,2021-08-20,06:38:06,https://nanohub.org/tools/engdata/status,/tools/engdata/browser,200,tool,engdata
98.223.100.0,2021-08-24,14:04:16,https://www.youtube.com/,2021-08-24,08:19:18,https://nanohub.org/members/29294/dashboard,/tools/githubpublic/status,200,tool,githubpublic
98.223.100.0,2021-08-24,14:04:16,https://www.youtube.com/,2021-08-20,10:00:44,https://nanohub.org/tools/blockchain/browser,/tools/images/forge.png,200,tool,images
98.223.100.0,2021-08-24,14:04:16,https://www.youtube.com/,2021-08-30,13:12:21,,/tools/jupyter,200,tool,jupyter
98.223.100.0,2021-08-24,14:04:16,https://www.youtube.com/,2021-08-21,14:03:40,,/tools/jupyter51,200,tool,jupyter51
98.223.100.0,2021-08-24,14:04:16,https://www.youtube.com/,2021-08-22,11:34:23,https://nanohub.org/members/29294/dashboard,/tools/jupytergpu,200,tool,jupytergpu
98.223.100.0,2021-08-24,14:04:16,https://www.youtube.com/,2021-08-22,12:20:14,https://nanohub.org/whypublish/whypublishdevenv,/tools/jupyterlab,200,tool,jupyterlab
98.223.100.0,2021-08-24,14:04:16,https://www.youtube.com/,2021-08-22,15:38:52,https://nanohub.org/tools/learngit/status,/tools/learngit/browser,200,tool,learngit
98.223.100.0,2021-08-24,14:04:16,https://www.youtube.com/,2021-08-27,12:16:15,https://nanohub.org/resources/33852,/tools/matlabdata/invoke/19,302,tool,matlabdata
98.223.100.0,2021-08-24,14:04:16,https://www.youtube.com/,2021-08-21,14:33:50,https://nanohub.org/tools/matlabmicroelec/status,/tools/matlabmicroelec/browser,200,tool,matlabmicroelec
98.223.100.0,2021-08-24,14:04:16,https://www.youtube.com/,2021-08-02,13:41:18,,/tools/nanomatmech,200,tool,nanomatmech
98.223.100.0,2021-08-24,14:04:16,https://www.youtube.com/,2021-08-26,16:10:09,,/tools/tgnb,200,tool,tgnb
98.223.100.0,2021-08-24,14:04:16,https://www.youtube.com/,2021-08-24,14:04:22,https://nanohub.org/resources/35191,/tools/tidystem/invoke/11,302,tool,tidystem
98.223.100.0,2021-08-24,14:04:16,https://www.youtube.com/,2021-08-22,11:04:34,,/tools/toolshortname,200,tool,toolshortname
98.223.100.0,2021-08-24,14:04:16,https://www.youtube.com/,2021-08-31,11:51:57,https://nanohub.org/resources/draft/35249?step=5,/resources/submit,302,tool,submit
98.223.100.0,2021-08-24,14:04:16,https://www.youtube.com/,2021-08-22,11:19:02,https://nanohub.org/tools/gitlocaltool/resource?step=1,/tools/,200,tool,
99.251.12.189,2021-08-08,21:09:56,https://www.youtube.com/,2021-08-09,11:35:08,,/tools/imagesegment,200,tool,imagesegment
99.251.12.189,2021-08-08,21:09:56,https://www.youtube.com/,2021-08-08,20:59:54,https://nanohub.org/tools/imagesegment/invoke/19,/tools/imagesegment_r19/session?sess=1874097,302,tool,imagesegment_r19
